year ,station_name,station_id,latitude,longitude,swe_average
1980,Apishapa,303,37.33067,-105.06766,0.3
1981,Apishapa,303,37.33067,-105.06766,0.4
1982,Apishapa,303,37.33067,-105.06766,1.8
1983,Apishapa,303,37.33067,-105.06766,3.6
1984,Apishapa,303,37.33067,-105.06766,4.8
1985,Apishapa,303,37.33067,-105.06766,2
1986,Apishapa,303,37.33067,-105.06766,0.6
1987,Apishapa,303,37.33067,-105.06766,3.6
1988,Apishapa,303,37.33067,-105.06766,1.7
1989,Apishapa,303,37.33067,-105.06766,1.8
1990,Apishapa,303,37.33067,-105.06766,1.4
1991,Apishapa,303,37.33067,-105.06766,2.4
1992,Apishapa,303,37.33067,-105.06766,2.4
1993,Apishapa,303,37.33067,-105.06766,4.4
1994,Apishapa,303,37.33067,-105.06766,2.2
1995,Apishapa,303,37.33067,-105.06766,1.8
1996,Apishapa,303,37.33067,-105.06766,1
1997,Apishapa,303,37.33067,-105.06766,1.3
1998,Apishapa,303,37.33067,-105.06766,3
1999,Apishapa,303,37.33067,-105.06766,1
2000,Apishapa,303,37.33067,-105.06766,1.9
2001,Apishapa,303,37.33067,-105.06766,1
2002,Apishapa,303,37.33067,-105.06766,0.8
2003,Apishapa,303,37.33067,-105.06766,1.2
2004,Apishapa,303,37.33067,-105.06766,1.4
2005,Apishapa,303,37.33067,-105.06766,3.9
2006,Apishapa,303,37.33067,-105.06766,0.3
2007,Apishapa,303,37.33067,-105.06766,2.8
2008,Apishapa,303,37.33067,-105.06766,3.6
2009,Apishapa,303,37.33067,-105.06766,2.4
2010,Apishapa,303,37.33067,-105.06766,2.2
2011,Apishapa,303,37.33067,-105.06766,1.2
2012,Apishapa,303,37.33067,-105.06766,1.8
2013,Apishapa,303,37.33067,-105.06766,1.2
2014,Apishapa,303,37.33067,-105.06766,0.6
2015,Apishapa,303,37.33067,-105.06766,0.7
2016,Apishapa,303,37.33067,-105.06766,1.4
2017,Apishapa,303,37.33067,-105.06766,2.7
2018,Apishapa,303,37.33067,-105.06766,0.5
2019,Apishapa,303,37.33067,-105.06766,3.2
2020,Apishapa,303,37.33067,-105.06766,1.4
2021,Apishapa,303,37.33067,-105.06766,1.8
2022,Apishapa,303,37.33067,-105.06766,1.4
2023,Apishapa,303,37.33067,-105.06766,0.8
2024,Apishapa,303,37.33067,-105.06766,1.9
2002,Arapaho Ridge,1030,40.35098,-106.38141,1.8
2003,Arapaho Ridge,1030,40.35098,-106.38141,7
2004,Arapaho Ridge,1030,40.35098,-106.38141,8.1
2005,Arapaho Ridge,1030,40.35098,-106.38141,9.6
2006,Arapaho Ridge,1030,40.35098,-106.38141,10
2007,Arapaho Ridge,1030,40.35098,-106.38141,7.4
2008,Arapaho Ridge,1030,40.35098,-106.38141,9.8
2009,Arapaho Ridge,1030,40.35098,-106.38141,8.3
2010,Arapaho Ridge,1030,40.35098,-106.38141,8
2011,Arapaho Ridge,1030,40.35098,-106.38141,14.1
2012,Arapaho Ridge,1030,40.35098,-106.38141,5.4
2013,Arapaho Ridge,1030,40.35098,-106.38141,7.8
2014,Arapaho Ridge,1030,40.35098,-106.38141,11
2015,Arapaho Ridge,1030,40.35098,-106.38141,7.5
2016,Arapaho Ridge,1030,40.35098,-106.38141,10.3
2017,Arapaho Ridge,1030,40.35098,-106.38141,10.8
2018,Arapaho Ridge,1030,40.35098,-106.38141,7.5
2019,Arapaho Ridge,1030,40.35098,-106.38141,11.3
2020,Arapaho Ridge,1030,40.35098,-106.38141,8.7
2021,Arapaho Ridge,1030,40.35098,-106.38141,7.5
2022,Arapaho Ridge,1030,40.35098,-106.38141,8.1
2023,Arapaho Ridge,1030,40.35098,-106.38141,9.7
2024,Arapaho Ridge,1030,40.35098,-106.38141,8.6
1980,Bear Lake,322,40.31176,-105.6467,1.7
1981,Bear Lake,322,40.31176,-105.6467,4.1
1982,Bear Lake,322,40.31176,-105.6467,6.7
1983,Bear Lake,322,40.31176,-105.6467,6
1984,Bear Lake,322,40.31176,-105.6467,7.6
1985,Bear Lake,322,40.31176,-105.6467,5.1
1986,Bear Lake,322,40.31176,-105.6467,10.6
1987,Bear Lake,322,40.31176,-105.6467,3.7
1988,Bear Lake,322,40.31176,-105.6467,5.5
1989,Bear Lake,322,40.31176,-105.6467,4.7
1990,Bear Lake,322,40.31176,-105.6467,6
1991,Bear Lake,322,40.31176,-105.6467,4.5
1992,Bear Lake,322,40.31176,-105.6467,4.4
1993,Bear Lake,322,40.31176,-105.6467,7.6
1994,Bear Lake,322,40.31176,-105.6467,5.7
1995,Bear Lake,322,40.31176,-105.6467,7.7
1996,Bear Lake,322,40.31176,-105.6467,9.7
1997,Bear Lake,322,40.31176,-105.6467,10.3
1998,Bear Lake,322,40.31176,-105.6467,5.4
1999,Bear Lake,322,40.31176,-105.6467,7.5
2000,Bear Lake,322,40.31176,-105.6467,6
2001,Bear Lake,322,40.31176,-105.6467,3.8
2002,Bear Lake,322,40.31176,-105.6467,3.2
2003,Bear Lake,322,40.31176,-105.6467,7.1
2004,Bear Lake,322,40.31176,-105.6467,5.1
2005,Bear Lake,322,40.31176,-105.6467,5.6
2006,Bear Lake,322,40.31176,-105.6467,6.5
2007,Bear Lake,322,40.31176,-105.6467,7.2
2008,Bear Lake,322,40.31176,-105.6467,6.2
2009,Bear Lake,322,40.31176,-105.6467,7.1
2010,Bear Lake,322,40.31176,-105.6467,5.2
2011,Bear Lake,322,40.31176,-105.6467,9.9
2012,Bear Lake,322,40.31176,-105.6467,4.2
2013,Bear Lake,322,40.31176,-105.6467,4.2
2014,Bear Lake,322,40.31176,-105.6467,8.7
2015,Bear Lake,322,40.31176,-105.6467,6
2016,Bear Lake,322,40.31176,-105.6467,6
2017,Bear Lake,322,40.31176,-105.6467,8.5
2018,Bear Lake,322,40.31176,-105.6467,4.2
2019,Bear Lake,322,40.31176,-105.6467,7.2
2020,Bear Lake,322,40.31176,-105.6467,6.6
2021,Bear Lake,322,40.31176,-105.6467,5.8
2022,Bear Lake,322,40.31176,-105.6467,6.2
2023,Bear Lake,322,40.31176,-105.6467,7.3
2024,Bear Lake,322,40.31176,-105.6467,6.6
2004,Bear River,1061,40.06152,-107.00948,0.7
2005,Bear River,1061,40.06152,-107.00948,3.3
2006,Bear River,1061,40.06152,-107.00948,4.5
2007,Bear River,1061,40.06152,-107.00948,3.6
2008,Bear River,1061,40.06152,-107.00948,3.8
2009,Bear River,1061,40.06152,-107.00948,3.7
2010,Bear River,1061,40.06152,-107.00948,3.4
2011,Bear River,1061,40.06152,-107.00948,5.8
2012,Bear River,1061,40.06152,-107.00948,2.3
2013,Bear River,1061,40.06152,-107.00948,3.4
2014,Bear River,1061,40.06152,-107.00948,4.4
2015,Bear River,1061,40.06152,-107.00948,3.6
2016,Bear River,1061,40.06152,-107.00948,3.9
2017,Bear River,1061,40.06152,-107.00948,3.7
2018,Bear River,1061,40.06152,-107.00948,3.6
2019,Bear River,1061,40.06152,-107.00948,4.9
2020,Bear River,1061,40.06152,-107.00948,4.2
2021,Bear River,1061,40.06152,-107.00948,3.1
2022,Bear River,1061,40.06152,-107.00948,3
2023,Bear River,1061,40.06152,-107.00948,4.2
2024,Bear River,1061,40.06152,-107.00948,3.7
1982,Beartown,327,37.71433,-107.5124,4.2
1983,Beartown,327,37.71433,-107.5124,10.9
1984,Beartown,327,37.71433,-107.5124,11.5
1985,Beartown,327,37.71433,-107.5124,15.1
1986,Beartown,327,37.71433,-107.5124,13.2
1987,Beartown,327,37.71433,-107.5124,11.9
1988,Beartown,327,37.71433,-107.5124,7.1
1989,Beartown,327,37.71433,-107.5124,8
1990,Beartown,327,37.71433,-107.5124,5.4
1991,Beartown,327,37.71433,-107.5124,8.3
1992,Beartown,327,37.71433,-107.5124,5.6
1993,Beartown,327,37.71433,-107.5124,11
1994,Beartown,327,37.71433,-107.5124,6.3
1995,Beartown,327,37.71433,-107.5124,13.3
1996,Beartown,327,37.71433,-107.5124,7.1
1997,Beartown,327,37.71433,-107.5124,15.9
1998,Beartown,327,37.71433,-107.5124,6.9
1999,Beartown,327,37.71433,-107.5124,7.6
2000,Beartown,327,37.71433,-107.5124,6.2
2001,Beartown,327,37.71433,-107.5124,9.3
2002,Beartown,327,37.71433,-107.5124,3.2
2003,Beartown,327,37.71433,-107.5124,5.2
2004,Beartown,327,37.71433,-107.5124,9.2
2005,Beartown,327,37.71433,-107.5124,13.6
2006,Beartown,327,37.71433,-107.5124,4.8
2007,Beartown,327,37.71433,-107.5124,5.5
2008,Beartown,327,37.71433,-107.5124,10.6
2009,Beartown,327,37.71433,-107.5124,7.8
2010,Beartown,327,37.71433,-107.5124,6.6
2011,Beartown,327,37.71433,-107.5124,9.6
2012,Beartown,327,37.71433,-107.5124,3.9
2013,Beartown,327,37.71433,-107.5124,5.2
2014,Beartown,327,37.71433,-107.5124,6.6
2015,Beartown,327,37.71433,-107.5124,4.6
2016,Beartown,327,37.71433,-107.5124,6.7
2017,Beartown,327,37.71433,-107.5124,8.9
2018,Beartown,327,37.71433,-107.5124,3.7
2019,Beartown,327,37.71433,-107.5124,12.6
2020,Beartown,327,37.71433,-107.5124,7.4
2021,Beartown,327,37.71433,-107.5124,6
2022,Beartown,327,37.71433,-107.5124,6.1
2023,Beartown,327,37.71433,-107.5124,9.3
2024,Beartown,327,37.71433,-107.5124,6.7
2003,Beaver Ck Village,1041,39.59871,-106.51113,0.4
2004,Beaver Ck Village,1041,39.59871,-106.51113,2.4
2005,Beaver Ck Village,1041,39.59871,-106.51113,3.5
2006,Beaver Ck Village,1041,39.59871,-106.51113,3.3
2007,Beaver Ck Village,1041,39.59871,-106.51113,2.6
2008,Beaver Ck Village,1041,39.59871,-106.51113,4.5
2009,Beaver Ck Village,1041,39.59871,-106.51113,4.8
2010,Beaver Ck Village,1041,39.59871,-106.51113,2.8
2011,Beaver Ck Village,1041,39.59871,-106.51113,4.6
2012,Beaver Ck Village,1041,39.59871,-106.51113,1.6
2013,Beaver Ck Village,1041,39.59871,-106.51113,2.9
2014,Beaver Ck Village,1041,39.59871,-106.51113,4.3
2015,Beaver Ck Village,1041,39.59871,-106.51113,2.9
2016,Beaver Ck Village,1041,39.59871,-106.51113,3.4
2017,Beaver Ck Village,1041,39.59871,-106.51113,3
2018,Beaver Ck Village,1041,39.59871,-106.51113,2
2019,Beaver Ck Village,1041,39.59871,-106.51113,4.1
2020,Beaver Ck Village,1041,39.59871,-106.51113,3.9
2021,Beaver Ck Village,1041,39.59871,-106.51113,2.1
2022,Beaver Ck Village,1041,39.59871,-106.51113,3.3
2023,Beaver Ck Village,1041,39.59871,-106.51113,4.7
2024,Beaver Ck Village,1041,39.59871,-106.51113,3.5
1980,Berthoud Summit,335,39.80364,-105.77786,9.2
1981,Berthoud Summit,335,39.80364,-105.77786,4.1
1982,Berthoud Summit,335,39.80364,-105.77786,9
1983,Berthoud Summit,335,39.80364,-105.77786,10.6
1984,Berthoud Summit,335,39.80364,-105.77786,11.6
1985,Berthoud Summit,335,39.80364,-105.77786,7.9
1986,Berthoud Summit,335,39.80364,-105.77786,8.8
1987,Berthoud Summit,335,39.80364,-105.77786,5.6
1988,Berthoud Summit,335,39.80364,-105.77786,8.4
1989,Berthoud Summit,335,39.80364,-105.77786,6.3
1990,Berthoud Summit,335,39.80364,-105.77786,5.1
1991,Berthoud Summit,335,39.80364,-105.77786,7.3
1992,Berthoud Summit,335,39.80364,-105.77786,6.8
1993,Berthoud Summit,335,39.80364,-105.77786,8.8
1994,Berthoud Summit,335,39.80364,-105.77786,5.9
1995,Berthoud Summit,335,39.80364,-105.77786,7.3
1996,Berthoud Summit,335,39.80364,-105.77786,9.9
1997,Berthoud Summit,335,39.80364,-105.77786,9.8
1998,Berthoud Summit,335,39.80364,-105.77786,6.8
1999,Berthoud Summit,335,39.80364,-105.77786,5.9
2000,Berthoud Summit,335,39.80364,-105.77786,5.5
2001,Berthoud Summit,335,39.80364,-105.77786,6.3
2002,Berthoud Summit,335,39.80364,-105.77786,3.5
2003,Berthoud Summit,335,39.80364,-105.77786,6.4
2004,Berthoud Summit,335,39.80364,-105.77786,5.2
2005,Berthoud Summit,335,39.80364,-105.77786,6.5
2006,Berthoud Summit,335,39.80364,-105.77786,7.8
2007,Berthoud Summit,335,39.80364,-105.77786,6.8
2008,Berthoud Summit,335,39.80364,-105.77786,8
2009,Berthoud Summit,335,39.80364,-105.77786,7.9
2010,Berthoud Summit,335,39.80364,-105.77786,7.4
2011,Berthoud Summit,335,39.80364,-105.77786,11.5
2012,Berthoud Summit,335,39.80364,-105.77786,3.2
2013,Berthoud Summit,335,39.80364,-105.77786,6.4
2014,Berthoud Summit,335,39.80364,-105.77786,9.6
2015,Berthoud Summit,335,39.80364,-105.77786,7.6
2016,Berthoud Summit,335,39.80364,-105.77786,8.2
2017,Berthoud Summit,335,39.80364,-105.77786,7
2018,Berthoud Summit,335,39.80364,-105.77786,5.1
2019,Berthoud Summit,335,39.80364,-105.77786,8.7
2020,Berthoud Summit,335,39.80364,-105.77786,8.2
2021,Berthoud Summit,335,39.80364,-105.77786,6.4
2022,Berthoud Summit,335,39.80364,-105.77786,6
2023,Berthoud Summit,335,39.80364,-105.77786,7.4
2024,Berthoud Summit,335,39.80364,-105.77786,8.3
1985,Bison Lake,345,39.76458,-107.35628,9
1986,Bison Lake,345,39.76458,-107.35628,22.6
1987,Bison Lake,345,39.76458,-107.35628,9.5
1988,Bison Lake,345,39.76458,-107.35628,9.7
1989,Bison Lake,345,39.76458,-107.35628,10.7
1990,Bison Lake,345,39.76458,-107.35628,8.8
1991,Bison Lake,345,39.76458,-107.35628,13.2
1992,Bison Lake,345,39.76458,-107.35628,7.1
1993,Bison Lake,345,39.76458,-107.35628,15.6
1994,Bison Lake,345,39.76458,-107.35628,9.2
1995,Bison Lake,345,39.76458,-107.35628,13.1
1996,Bison Lake,345,39.76458,-107.35628,13.1
1997,Bison Lake,345,39.76458,-107.35628,15.5
1998,Bison Lake,345,39.76458,-107.35628,10.6
1999,Bison Lake,345,39.76458,-107.35628,9.1
2000,Bison Lake,345,39.76458,-107.35628,7.3
2001,Bison Lake,345,39.76458,-107.35628,8.6
2002,Bison Lake,345,39.76458,-107.35628,6.1
2003,Bison Lake,345,39.76458,-107.35628,9.2
2004,Bison Lake,345,39.76458,-107.35628,10.7
2005,Bison Lake,345,39.76458,-107.35628,13.2
2006,Bison Lake,345,39.76458,-107.35628,11.8
2007,Bison Lake,345,39.76458,-107.35628,8
2008,Bison Lake,345,39.76458,-107.35628,13.7
2009,Bison Lake,345,39.76458,-107.35628,12
2010,Bison Lake,345,39.76458,-107.35628,10.5
2011,Bison Lake,345,39.76458,-107.35628,19
2012,Bison Lake,345,39.76458,-107.35628,6.7
2013,Bison Lake,345,39.76458,-107.35628,8.4
2014,Bison Lake,345,39.76458,-107.35628,10.1
2015,Bison Lake,345,39.76458,-107.35628,7.8
2016,Bison Lake,345,39.76458,-107.35628,9.4
2017,Bison Lake,345,39.76458,-107.35628,12.3
2018,Bison Lake,345,39.76458,-107.35628,7
2019,Bison Lake,345,39.76458,-107.35628,14.7
2020,Bison Lake,345,39.76458,-107.35628,8
2021,Bison Lake,345,39.76458,-107.35628,7.8
2022,Bison Lake,345,39.76458,-107.35628,8.9
2023,Bison Lake,345,39.76458,-107.35628,16.4
2024,Bison Lake,345,39.76458,-107.35628,9.1
2012,Black Mesa,1185,37.78968,-108.18376,0.6
2013,Black Mesa,1185,37.78968,-108.18376,7.3
2014,Black Mesa,1185,37.78968,-108.18376,8.8
2015,Black Mesa,1185,37.78968,-108.18376,8.5
2016,Black Mesa,1185,37.78968,-108.18376,11
2017,Black Mesa,1185,37.78968,-108.18376,13.8
2018,Black Mesa,1185,37.78968,-108.18376,3.9
2019,Black Mesa,1185,37.78968,-108.18376,14.6
2020,Black Mesa,1185,37.78968,-108.18376,6.7
2021,Black Mesa,1185,37.78968,-108.18376,6.6
2022,Black Mesa,1185,37.78968,-108.18376,8.8
2023,Black Mesa,1185,37.78968,-108.18376,14
2024,Black Mesa,1185,37.78968,-108.18376,7.5
2010,Black Mountain,1161,40.8879,-105.66404,1.2
2011,Black Mountain,1161,40.8879,-105.66404,4.4
2012,Black Mountain,1161,40.8879,-105.66404,2.7
2013,Black Mountain,1161,40.8879,-105.66404,3.1
2014,Black Mountain,1161,40.8879,-105.66404,4
2015,Black Mountain,1161,40.8879,-105.66404,3.4
2016,Black Mountain,1161,40.8879,-105.66404,4.5
2017,Black Mountain,1161,40.8879,-105.66404,3.7
2018,Black Mountain,1161,40.8879,-105.66404,3.1
2019,Black Mountain,1161,40.8879,-105.66404,3.7
2020,Black Mountain,1161,40.8879,-105.66404,3.6
2021,Black Mountain,1161,40.8879,-105.66404,3.5
2022,Black Mountain,1161,40.8879,-105.66404,3.5
2023,Black Mountain,1161,40.8879,-105.66404,3.6
2024,Black Mountain,1161,40.8879,-105.66404,3.4
1980,Brumley,369,39.08758,-106.54231,0.2
1981,Brumley,369,39.08758,-106.54231,1.2
1982,Brumley,369,39.08758,-106.54231,4.2
1983,Brumley,369,39.08758,-106.54231,3
1984,Brumley,369,39.08758,-106.54231,6.2
1985,Brumley,369,39.08758,-106.54231,3.6
1986,Brumley,369,39.08758,-106.54231,3.5
1987,Brumley,369,39.08758,-106.54231,2.4
1988,Brumley,369,39.08758,-106.54231,2.6
1989,Brumley,369,39.08758,-106.54231,2.5
1990,Brumley,369,39.08758,-106.54231,3
1991,Brumley,369,39.08758,-106.54231,3.4
1992,Brumley,369,39.08758,-106.54231,2.7
1993,Brumley,369,39.08758,-106.54231,4.5
1994,Brumley,369,39.08758,-106.54231,3.6
1995,Brumley,369,39.08758,-106.54231,5.8
1996,Brumley,369,39.08758,-106.54231,5.2
1997,Brumley,369,39.08758,-106.54231,5.2
1998,Brumley,369,39.08758,-106.54231,3.2
1999,Brumley,369,39.08758,-106.54231,2.4
2000,Brumley,369,39.08758,-106.54231,2.7
2001,Brumley,369,39.08758,-106.54231,2.9
2002,Brumley,369,39.08758,-106.54231,1.8
2003,Brumley,369,39.08758,-106.54231,3
2004,Brumley,369,39.08758,-106.54231,2
2005,Brumley,369,39.08758,-106.54231,2.9
2006,Brumley,369,39.08758,-106.54231,4.4
2007,Brumley,369,39.08758,-106.54231,3
2008,Brumley,369,39.08758,-106.54231,4.8
2009,Brumley,369,39.08758,-106.54231,3.7
2010,Brumley,369,39.08758,-106.54231,3.5
2011,Brumley,369,39.08758,-106.54231,5.7
2012,Brumley,369,39.08758,-106.54231,1.4
2013,Brumley,369,39.08758,-106.54231,2.3
2014,Brumley,369,39.08758,-106.54231,4.4
2015,Brumley,369,39.08758,-106.54231,4.2
2016,Brumley,369,39.08758,-106.54231,3.8
2017,Brumley,369,39.08758,-106.54231,4.8
2018,Brumley,369,39.08758,-106.54231,2.7
2019,Brumley,369,39.08758,-106.54231,5.6
2020,Brumley,369,39.08758,-106.54231,4.5
2021,Brumley,369,39.08758,-106.54231,3.1
2022,Brumley,369,39.08758,-106.54231,3
2023,Brumley,369,39.08758,-106.54231,3.4
2024,Brumley,369,39.08758,-106.54231,3.7
1999,Buckskin Joe,938,39.30378,-106.11316,0.3
2000,Buckskin Joe,938,39.30378,-106.11316,3
2001,Buckskin Joe,938,39.30378,-106.11316,3.3
2002,Buckskin Joe,938,39.30378,-106.11316,1.6
2003,Buckskin Joe,938,39.30378,-106.11316,2.8
2004,Buckskin Joe,938,39.30378,-106.11316,2.6
2005,Buckskin Joe,938,39.30378,-106.11316,3.3
2006,Buckskin Joe,938,39.30378,-106.11316,4.6
2007,Buckskin Joe,938,39.30378,-106.11316,3.7
2008,Buckskin Joe,938,39.30378,-106.11316,4.8
2009,Buckskin Joe,938,39.30378,-106.11316,3.8
2010,Buckskin Joe,938,39.30378,-106.11316,3.2
2011,Buckskin Joe,938,39.30378,-106.11316,5.3
2012,Buckskin Joe,938,39.30378,-106.11316,2
2013,Buckskin Joe,938,39.30378,-106.11316,3
2014,Buckskin Joe,938,39.30378,-106.11316,4.8
2015,Buckskin Joe,938,39.30378,-106.11316,5
2016,Buckskin Joe,938,39.30378,-106.11316,4.7
2017,Buckskin Joe,938,39.30378,-106.11316,4.8
2018,Buckskin Joe,938,39.30378,-106.11316,3.4
2019,Buckskin Joe,938,39.30378,-106.11316,6.5
2020,Buckskin Joe,938,39.30378,-106.11316,4.3
2021,Buckskin Joe,938,39.30378,-106.11316,3
2022,Buckskin Joe,938,39.30378,-106.11316,2.6
2023,Buckskin Joe,938,39.30378,-106.11316,2.4
2024,Buckskin Joe,938,39.30378,-106.11316,4.4
1995,Buffalo Park,913,40.22838,-106.5962,1.5
1996,Buffalo Park,913,40.22838,-106.5962,6
1997,Buffalo Park,913,40.22838,-106.5962,6.3
1998,Buffalo Park,913,40.22838,-106.5962,4.2
1999,Buffalo Park,913,40.22838,-106.5962,3.8
2000,Buffalo Park,913,40.22838,-106.5962,4.2
2001,Buffalo Park,913,40.22838,-106.5962,3.4
2002,Buffalo Park,913,40.22838,-106.5962,2.3
2003,Buffalo Park,913,40.22838,-106.5962,4.1
2004,Buffalo Park,913,40.22838,-106.5962,3
2005,Buffalo Park,913,40.22838,-106.5962,4
2006,Buffalo Park,913,40.22838,-106.5962,5.7
2007,Buffalo Park,913,40.22838,-106.5962,3.2
2008,Buffalo Park,913,40.22838,-106.5962,4.7
2009,Buffalo Park,913,40.22838,-106.5962,4.5
2010,Buffalo Park,913,40.22838,-106.5962,3.6
2011,Buffalo Park,913,40.22838,-106.5962,7.9
2012,Buffalo Park,913,40.22838,-106.5962,3.8
2013,Buffalo Park,913,40.22838,-106.5962,4.8
2014,Buffalo Park,913,40.22838,-106.5962,7.9
2015,Buffalo Park,913,40.22838,-106.5962,5
2016,Buffalo Park,913,40.22838,-106.5962,5.9
2017,Buffalo Park,913,40.22838,-106.5962,6
2018,Buffalo Park,913,40.22838,-106.5962,5.4
2019,Buffalo Park,913,40.22838,-106.5962,6
2020,Buffalo Park,913,40.22838,-106.5962,6.3
2021,Buffalo Park,913,40.22838,-106.5962,4
2022,Buffalo Park,913,40.22838,-106.5962,4.5
2023,Buffalo Park,913,40.22838,-106.5962,5.1
2024,Buffalo Park,913,40.22838,-106.5962,4.5
1980,Burro Mountain,378,39.87504,-107.59902,0.9
1981,Burro Mountain,378,39.87504,-107.59902,3
1982,Burro Mountain,378,39.87504,-107.59902,8
1983,Burro Mountain,378,39.87504,-107.59902,8.6
1984,Burro Mountain,378,39.87504,-107.59902,8.8
1985,Burro Mountain,378,39.87504,-107.59902,7.5
1986,Burro Mountain,378,39.87504,-107.59902,8.7
1987,Burro Mountain,378,39.87504,-107.59902,4.1
1988,Burro Mountain,378,39.87504,-107.59902,5.6
1989,Burro Mountain,378,39.87504,-107.59902,5
1990,Burro Mountain,378,39.87504,-107.59902,2.8
1991,Burro Mountain,378,39.87504,-107.59902,6.3
1992,Burro Mountain,378,39.87504,-107.59902,5.5
1993,Burro Mountain,378,39.87504,-107.59902,7.5
1994,Burro Mountain,378,39.87504,-107.59902,4.6
1995,Burro Mountain,378,39.87504,-107.59902,7.5
1996,Burro Mountain,378,39.87504,-107.59902,7.9
1997,Burro Mountain,378,39.87504,-107.59902,9.7
1998,Burro Mountain,378,39.87504,-107.59902,6.8
1999,Burro Mountain,378,39.87504,-107.59902,4.6
2000,Burro Mountain,378,39.87504,-107.59902,4.3
2001,Burro Mountain,378,39.87504,-107.59902,3.9
2002,Burro Mountain,378,39.87504,-107.59902,3.3
2003,Burro Mountain,378,39.87504,-107.59902,4.6
2004,Burro Mountain,378,39.87504,-107.59902,4.2
2005,Burro Mountain,378,39.87504,-107.59902,4.6
2006,Burro Mountain,378,39.87504,-107.59902,5.6
2007,Burro Mountain,378,39.87504,-107.59902,3.4
2008,Burro Mountain,378,39.87504,-107.59902,5.7
2009,Burro Mountain,378,39.87504,-107.59902,5.2
2010,Burro Mountain,378,39.87504,-107.59902,4.8
2011,Burro Mountain,378,39.87504,-107.59902,8
2012,Burro Mountain,378,39.87504,-107.59902,2.4
2013,Burro Mountain,378,39.87504,-107.59902,4
2014,Burro Mountain,378,39.87504,-107.59902,4.9
2015,Burro Mountain,378,39.87504,-107.59902,3.8
2016,Burro Mountain,378,39.87504,-107.59902,5.1
2017,Burro Mountain,378,39.87504,-107.59902,3.7
2018,Burro Mountain,378,39.87504,-107.59902,2.8
2019,Burro Mountain,378,39.87504,-107.59902,5.2
2020,Burro Mountain,378,39.87504,-107.59902,4
2021,Burro Mountain,378,39.87504,-107.59902,3.2
2022,Burro Mountain,378,39.87504,-107.59902,3.8
2023,Burro Mountain,378,39.87504,-107.59902,6.7
2024,Burro Mountain,378,39.87504,-107.59902,4.1
1980,Butte,380,38.89435,-106.95327,1
1981,Butte,380,38.89435,-106.95327,1.9
1982,Butte,380,38.89435,-106.95327,6.1
1983,Butte,380,38.89435,-106.95327,5.4
1984,Butte,380,38.89435,-106.95327,8.7
1985,Butte,380,38.89435,-106.95327,6.4
1986,Butte,380,38.89435,-106.95327,7.8
1987,Butte,380,38.89435,-106.95327,4.2
1988,Butte,380,38.89435,-106.95327,3.6
1989,Butte,380,38.89435,-106.95327,3.7
1990,Butte,380,38.89435,-106.95327,2.4
1991,Butte,380,38.89435,-106.95327,4
1992,Butte,380,38.89435,-106.95327,3.5
1993,Butte,380,38.89435,-106.95327,7.9
1994,Butte,380,38.89435,-106.95327,3.9
1995,Butte,380,38.89435,-106.95327,7.8
1996,Butte,380,38.89435,-106.95327,6.6
1997,Butte,380,38.89435,-106.95327,7.4
1998,Butte,380,38.89435,-106.95327,4.3
1999,Butte,380,38.89435,-106.95327,3.6
2000,Butte,380,38.89435,-106.95327,3.2
2001,Butte,380,38.89435,-106.95327,3.3
2002,Butte,380,38.89435,-106.95327,2.9
2003,Butte,380,38.89435,-106.95327,4.1
2004,Butte,380,38.89435,-106.95327,4.2
2005,Butte,380,38.89435,-106.95327,5.8
2006,Butte,380,38.89435,-106.95327,5
2007,Butte,380,38.89435,-106.95327,2.9
2008,Butte,380,38.89435,-106.95327,6.8
2009,Butte,380,38.89435,-106.95327,4.9
2010,Butte,380,38.89435,-106.95327,4
2011,Butte,380,38.89435,-106.95327,5.9
2012,Butte,380,38.89435,-106.95327,1.8
2013,Butte,380,38.89435,-106.95327,2.9
2014,Butte,380,38.89435,-106.95327,4.8
2015,Butte,380,38.89435,-106.95327,3.8
2016,Butte,380,38.89435,-106.95327,4.3
2017,Butte,380,38.89435,-106.95327,6.8
2018,Butte,380,38.89435,-106.95327,2.6
2019,Butte,380,38.89435,-106.95327,5.9
2020,Butte,380,38.89435,-106.95327,4
2021,Butte,380,38.89435,-106.95327,3.1
2022,Butte,380,38.89435,-106.95327,4.4
2023,Butte,380,38.89435,-106.95327,6.2
2024,Butte,380,38.89435,-106.95327,4.9
1980,Cascade,386,37.65083,-107.80602,7.3
1981,Cascade,386,37.65083,-107.80602,0.7
1982,Cascade,386,37.65083,-107.80602,4.2
1983,Cascade,386,37.65083,-107.80602,5.1
1984,Cascade,386,37.65083,-107.80602,4.9
1985,Cascade,386,37.65083,-107.80602,5.4
1986,Cascade,386,37.65083,-107.80602,4.3
1987,Cascade,386,37.65083,-107.80602,4.3
1988,Cascade,386,37.65083,-107.80602,1.6
1989,Cascade,386,37.65083,-107.80602,3.3
1990,Cascade,386,37.65083,-107.80602,0.6
1991,Cascade,386,37.65083,-107.80602,3.6
1992,Cascade,386,37.65083,-107.80602,3.1
1993,Cascade,386,37.65083,-107.80602,6.6
1994,Cascade,386,37.65083,-107.80602,3.3
1995,Cascade,386,37.65083,-107.80602,3.2
1996,Cascade,386,37.65083,-107.80602,3
1997,Cascade,386,37.65083,-107.80602,5
1998,Cascade,386,37.65083,-107.80602,2.9
1999,Cascade,386,37.65083,-107.80602,1.7
2000,Cascade,386,37.65083,-107.80602,2.2
2001,Cascade,386,37.65083,-107.80602,3.6
2002,Cascade,386,37.65083,-107.80602,1.2
2003,Cascade,386,37.65083,-107.80602,1.8
2004,Cascade,386,37.65083,-107.80602,3
2005,Cascade,386,37.65083,-107.80602,5.1
2006,Cascade,386,37.65083,-107.80602,1.8
2007,Cascade,386,37.65083,-107.80602,1.8
2008,Cascade,386,37.65083,-107.80602,5.6
2009,Cascade,386,37.65083,-107.80602,3.4
2010,Cascade,386,37.65083,-107.80602,3.9
2011,Cascade,386,37.65083,-107.80602,3.8
2012,Cascade,386,37.65083,-107.80602,1.9
2013,Cascade,386,37.65083,-107.80602,2.5
2014,Cascade,386,37.65083,-107.80602,2.4
2015,Cascade,386,37.65083,-107.80602,1.3
2016,Cascade,386,37.65083,-107.80602,3
2017,Cascade,386,37.65083,-107.80602,4.2
2018,Cascade,386,37.65083,-107.80602,0.6
2019,Cascade,386,37.65083,-107.80602,4.9
2020,Cascade,386,37.65083,-107.80602,3.5
2021,Cascade,386,37.65083,-107.80602,2.2
2022,Cascade,386,37.65083,-107.80602,4.1
1990,Cascade #2,387,37.65751,-107.80287,0.5
1991,Cascade #2,387,37.65751,-107.80287,2.7
1992,Cascade #2,387,37.65751,-107.80287,2.2
1993,Cascade #2,387,37.65751,-107.80287,5.1
1994,Cascade #2,387,37.65751,-107.80287,3
1995,Cascade #2,387,37.65751,-107.80287,2.9
1996,Cascade #2,387,37.65751,-107.80287,3
1997,Cascade #2,387,37.65751,-107.80287,6.9
1998,Cascade #2,387,37.65751,-107.80287,2
1999,Cascade #2,387,37.65751,-107.80287,1.2
2000,Cascade #2,387,37.65751,-107.80287,1.9
2001,Cascade #2,387,37.65751,-107.80287,2.7
2002,Cascade #2,387,37.65751,-107.80287,1.4
2003,Cascade #2,387,37.65751,-107.80287,1.5
2004,Cascade #2,387,37.65751,-107.80287,2.2
2005,Cascade #2,387,37.65751,-107.80287,4.2
2006,Cascade #2,387,37.65751,-107.80287,1.6
2007,Cascade #2,387,37.65751,-107.80287,1.8
2008,Cascade #2,387,37.65751,-107.80287,4.3
2009,Cascade #2,387,37.65751,-107.80287,2.7
2010,Cascade #2,387,37.65751,-107.80287,3.7
2011,Cascade #2,387,37.65751,-107.80287,3
2012,Cascade #2,387,37.65751,-107.80287,1.6
2013,Cascade #2,387,37.65751,-107.80287,2
2014,Cascade #2,387,37.65751,-107.80287,1.8
2015,Cascade #2,387,37.65751,-107.80287,1.1
2016,Cascade #2,387,37.65751,-107.80287,2.1
2017,Cascade #2,387,37.65751,-107.80287,3
2018,Cascade #2,387,37.65751,-107.80287,0.7
2019,Cascade #2,387,37.65751,-107.80287,3.6
2020,Cascade #2,387,37.65751,-107.80287,2.7
2021,Cascade #2,387,37.65751,-107.80287,1.5
2022,Cascade #2,387,37.65751,-107.80287,2.2
2023,Cascade #2,387,37.65751,-107.80287,4.3
2024,Cascade #2,387,37.65751,-107.80287,2.2
2024,Castle Peak,1326,39.00074,-106.83912,3.5
2007,Chapman Tunnel,1101,39.2621,-106.62944,1.3
2008,Chapman Tunnel,1101,39.2621,-106.62944,7.4
2009,Chapman Tunnel,1101,39.2621,-106.62944,5
2010,Chapman Tunnel,1101,39.2621,-106.62944,3.3
2011,Chapman Tunnel,1101,39.2621,-106.62944,7.4
2012,Chapman Tunnel,1101,39.2621,-106.62944,2.2
2013,Chapman Tunnel,1101,39.2621,-106.62944,3.3
2014,Chapman Tunnel,1101,39.2621,-106.62944,4.9
2015,Chapman Tunnel,1101,39.2621,-106.62944,4.1
2016,Chapman Tunnel,1101,39.2621,-106.62944,5.1
2017,Chapman Tunnel,1101,39.2621,-106.62944,5.7
2018,Chapman Tunnel,1101,39.2621,-106.62944,3.8
2019,Chapman Tunnel,1101,39.2621,-106.62944,7.1
2020,Chapman Tunnel,1101,39.2621,-106.62944,5.1
2021,Chapman Tunnel,1101,39.2621,-106.62944,3.8
2022,Chapman Tunnel,1101,39.2621,-106.62944,5.3
2023,Chapman Tunnel,1101,39.2621,-106.62944,5.1
2024,Chapman Tunnel,1101,39.2621,-106.62944,5.6
1981,Cochetopa Pass,1059,38.16273,-106.5988,2.1
1982,Cochetopa Pass,1059,38.16273,-106.5988,3.5
1983,Cochetopa Pass,1059,38.16273,-106.5988,2.9
1984,Cochetopa Pass,1059,38.16273,-106.5988,6.9
1985,Cochetopa Pass,1059,38.16273,-106.5988,3.8
1986,Cochetopa Pass,1059,38.16273,-106.5988,3.1
1987,Cochetopa Pass,1059,38.16273,-106.5988,5.7
1988,Cochetopa Pass,1059,38.16273,-106.5988,3.8
1989,Cochetopa Pass,1059,38.16273,-106.5988,4.1
1990,Cochetopa Pass,1059,38.16273,-106.5988,1.9
1991,Cochetopa Pass,1059,38.16273,-106.5988,3.2
1992,Cochetopa Pass,1059,38.16273,-106.5988,4.4
1993,Cochetopa Pass,1059,38.16273,-106.5988,4.7
1994,Cochetopa Pass,1059,38.16273,-106.5988,2.5
1995,Cochetopa Pass,1059,38.16273,-106.5988,3.3
1996,Cochetopa Pass,1059,38.16273,-106.5988,4.4
1997,Cochetopa Pass,1059,38.16273,-106.5988,5.3
1998,Cochetopa Pass,1059,38.16273,-106.5988,4.2
1999,Cochetopa Pass,1059,38.16273,-106.5988,1.7
2000,Cochetopa Pass,1059,38.16273,-106.5988,2.5
2001,Cochetopa Pass,1059,38.16273,-106.5988,4.6
2002,Cochetopa Pass,1059,38.16273,-106.5988,1.7
2003,Cochetopa Pass,1059,38.16273,-106.5988,3.3
2004,Cochetopa Pass,1059,38.16273,-106.5988,2
2005,Cochetopa Pass,1059,38.16273,-106.5988,1.2
2006,Cochetopa Pass,1059,38.16273,-106.5988,1
2007,Cochetopa Pass,1059,38.16273,-106.5988,1
2008,Cochetopa Pass,1059,38.16273,-106.5988,1.6
2009,Cochetopa Pass,1059,38.16273,-106.5988,1.1
2010,Cochetopa Pass,1059,38.16273,-106.5988,1
2011,Cochetopa Pass,1059,38.16273,-106.5988,1
2012,Cochetopa Pass,1059,38.16273,-106.5988,0.6
2013,Cochetopa Pass,1059,38.16273,-106.5988,0.7
2014,Cochetopa Pass,1059,38.16273,-106.5988,1.4
2015,Cochetopa Pass,1059,38.16273,-106.5988,1.2
2016,Cochetopa Pass,1059,38.16273,-106.5988,1.5
2017,Cochetopa Pass,1059,38.16273,-106.5988,1.2
2018,Cochetopa Pass,1059,38.16273,-106.5988,0.6
2019,Cochetopa Pass,1059,38.16273,-106.5988,2.1
2020,Cochetopa Pass,1059,38.16273,-106.5988,2
2021,Cochetopa Pass,1059,38.16273,-106.5988,1.5
2022,Cochetopa Pass,1059,38.16273,-106.5988,0.9
2023,Cochetopa Pass,1059,38.16273,-106.5988,1.3
2024,Cochetopa Pass,1059,38.16273,-106.5988,1.4
1980,Columbine,408,40.39591,-106.60437,0.9
1981,Columbine,408,40.39591,-106.60437,2.9
1982,Columbine,408,40.39591,-106.60437,12.3
1983,Columbine,408,40.39591,-106.60437,9.8
1984,Columbine,408,40.39591,-106.60437,11
1985,Columbine,408,40.39591,-106.60437,8.6
1986,Columbine,408,40.39591,-106.60437,8.6
1987,Columbine,408,40.39591,-106.60437,3.8
1988,Columbine,408,40.39591,-106.60437,8.6
1989,Columbine,408,40.39591,-106.60437,7.3
1990,Columbine,408,40.39591,-106.60437,7.3
1991,Columbine,408,40.39591,-106.60437,7.9
1992,Columbine,408,40.39591,-106.60437,5.4
1993,Columbine,408,40.39591,-106.60437,8.6
1994,Columbine,408,40.39591,-106.60437,6.9
1995,Columbine,408,40.39591,-106.60437,8.6
1996,Columbine,408,40.39591,-106.60437,12.6
1997,Columbine,408,40.39591,-106.60437,11
1998,Columbine,408,40.39591,-106.60437,6.5
1999,Columbine,408,40.39591,-106.60437,6.4
2000,Columbine,408,40.39591,-106.60437,8.4
2001,Columbine,408,40.39591,-106.60437,6.7
2002,Columbine,408,40.39591,-106.60437,4.9
2003,Columbine,408,40.39591,-106.60437,7.4
2004,Columbine,408,40.39591,-106.60437,5.8
2005,Columbine,408,40.39591,-106.60437,6.2
2006,Columbine,408,40.39591,-106.60437,10.3
2007,Columbine,408,40.39591,-106.60437,4.7
2008,Columbine,408,40.39591,-106.60437,8.8
2009,Columbine,408,40.39591,-106.60437,8.4
2010,Columbine,408,40.39591,-106.60437,6.8
2011,Columbine,408,40.39591,-106.60437,14.4
2012,Columbine,408,40.39591,-106.60437,4.1
2013,Columbine,408,40.39591,-106.60437,6.6
2014,Columbine,408,40.39591,-106.60437,11.2
2015,Columbine,408,40.39591,-106.60437,5.2
2016,Columbine,408,40.39591,-106.60437,7.5
2017,Columbine,408,40.39591,-106.60437,7.4
2018,Columbine,408,40.39591,-106.60437,6.9
2019,Columbine,408,40.39591,-106.60437,9
2020,Columbine,408,40.39591,-106.60437,9.5
2021,Columbine,408,40.39591,-106.60437,6
2022,Columbine,408,40.39591,-106.60437,6.8
2023,Columbine,408,40.39591,-106.60437,9.1
2024,Columbine,408,40.39591,-106.60437,7.5
1986,Columbine Pass,409,38.41819,-108.38313,2.4
1987,Columbine Pass,409,38.41819,-108.38313,5.1
1988,Columbine Pass,409,38.41819,-108.38313,3.6
1989,Columbine Pass,409,38.41819,-108.38313,3.9
1990,Columbine Pass,409,38.41819,-108.38313,1.7
1991,Columbine Pass,409,38.41819,-108.38313,6.2
1992,Columbine Pass,409,38.41819,-108.38313,4.9
1993,Columbine Pass,409,38.41819,-108.38313,9.7
1994,Columbine Pass,409,38.41819,-108.38313,4.3
1995,Columbine Pass,409,38.41819,-108.38313,6.5
1996,Columbine Pass,409,38.41819,-108.38313,3.3
1997,Columbine Pass,409,38.41819,-108.38313,7.5
1998,Columbine Pass,409,38.41819,-108.38313,5.1
1999,Columbine Pass,409,38.41819,-108.38313,2.2
2000,Columbine Pass,409,38.41819,-108.38313,4
2001,Columbine Pass,409,38.41819,-108.38313,4.1
2002,Columbine Pass,409,38.41819,-108.38313,3.1
2003,Columbine Pass,409,38.41819,-108.38313,4.4
2004,Columbine Pass,409,38.41819,-108.38313,4.5
2005,Columbine Pass,409,38.41819,-108.38313,8.3
2006,Columbine Pass,409,38.41819,-108.38313,3.6
2007,Columbine Pass,409,38.41819,-108.38313,4
2008,Columbine Pass,409,38.41819,-108.38313,6.3
2009,Columbine Pass,409,38.41819,-108.38313,4.7
2010,Columbine Pass,409,38.41819,-108.38313,6.5
2011,Columbine Pass,409,38.41819,-108.38313,7.5
2012,Columbine Pass,409,38.41819,-108.38313,3.3
2013,Columbine Pass,409,38.41819,-108.38313,4.6
2014,Columbine Pass,409,38.41819,-108.38313,3.2
2015,Columbine Pass,409,38.41819,-108.38313,2.2
2016,Columbine Pass,409,38.41819,-108.38313,6
2017,Columbine Pass,409,38.41819,-108.38313,5.8
2018,Columbine Pass,409,38.41819,-108.38313,1.3
2019,Columbine Pass,409,38.41819,-108.38313,6.6
2020,Columbine Pass,409,38.41819,-108.38313,3.8
2021,Columbine Pass,409,38.41819,-108.38313,3.4
2022,Columbine Pass,409,38.41819,-108.38313,6.2
2023,Columbine Pass,409,38.41819,-108.38313,12.6
2024,Columbine Pass,409,38.41819,-108.38313,4.8
1994,Columbus Basin,904,37.44146,-108.02468,4.8
1995,Columbus Basin,904,37.44146,-108.02468,15.4
1996,Columbus Basin,904,37.44146,-108.02468,8.3
1997,Columbus Basin,904,37.44146,-108.02468,14.2
1998,Columbus Basin,904,37.44146,-108.02468,8.9
1999,Columbus Basin,904,37.44146,-108.02468,8
2000,Columbus Basin,904,37.44146,-108.02468,6
2001,Columbus Basin,904,37.44146,-108.02468,10.4
2002,Columbus Basin,904,37.44146,-108.02468,3.7
2003,Columbus Basin,904,37.44146,-108.02468,7.1
2004,Columbus Basin,904,37.44146,-108.02468,9.5
2005,Columbus Basin,904,37.44146,-108.02468,15.5
2006,Columbus Basin,904,37.44146,-108.02468,5.6
2007,Columbus Basin,904,37.44146,-108.02468,7.3
2008,Columbus Basin,904,37.44146,-108.02468,12.6
2009,Columbus Basin,904,37.44146,-108.02468,8.8
2010,Columbus Basin,904,37.44146,-108.02468,8.7
2011,Columbus Basin,904,37.44146,-108.02468,11
2012,Columbus Basin,904,37.44146,-108.02468,7.3
2013,Columbus Basin,904,37.44146,-108.02468,6.2
2014,Columbus Basin,904,37.44146,-108.02468,6.6
2015,Columbus Basin,904,37.44146,-108.02468,7
2016,Columbus Basin,904,37.44146,-108.02468,8.6
2017,Columbus Basin,904,37.44146,-108.02468,13.2
2018,Columbus Basin,904,37.44146,-108.02468,3.5
2019,Columbus Basin,904,37.44146,-108.02468,15.4
2020,Columbus Basin,904,37.44146,-108.02468,8.2
2021,Columbus Basin,904,37.44146,-108.02468,5
2022,Columbus Basin,904,37.44146,-108.02468,7.1
2023,Columbus Basin,904,37.44146,-108.02468,11.2
2024,Columbus Basin,904,37.44146,-108.02468,7.3
1980,Copeland Lake,412,40.20733,-105.5695,0.1
1981,Copeland Lake,412,40.20733,-105.5695,0.3
1982,Copeland Lake,412,40.20733,-105.5695,0.7
1983,Copeland Lake,412,40.20733,-105.5695,0.9
1984,Copeland Lake,412,40.20733,-105.5695,2.5
1985,Copeland Lake,412,40.20733,-105.5695,0.9
1986,Copeland Lake,412,40.20733,-105.5695,1.5
1987,Copeland Lake,412,40.20733,-105.5695,0.8
1988,Copeland Lake,412,40.20733,-105.5695,1.5
1989,Copeland Lake,412,40.20733,-105.5695,0.9
1990,Copeland Lake,412,40.20733,-105.5695,0.8
1991,Copeland Lake,412,40.20733,-105.5695,0.7
1992,Copeland Lake,412,40.20733,-105.5695,0.7
1993,Copeland Lake,412,40.20733,-105.5695,1.5
1994,Copeland Lake,412,40.20733,-105.5695,1.2
1995,Copeland Lake,412,40.20733,-105.5695,0.8
1996,Copeland Lake,412,40.20733,-105.5695,2.2
1997,Copeland Lake,412,40.20733,-105.5695,1.8
1998,Copeland Lake,412,40.20733,-105.5695,0.6
1999,Copeland Lake,412,40.20733,-105.5695,1.1
2000,Copeland Lake,412,40.20733,-105.5695,1.2
2001,Copeland Lake,412,40.20733,-105.5695,0.7
2002,Copeland Lake,412,40.20733,-105.5695,1.1
2003,Copeland Lake,412,40.20733,-105.5695,1.6
2004,Copeland Lake,412,40.20733,-105.5695,0.8
2005,Copeland Lake,412,40.20733,-105.5695,1.9
2006,Copeland Lake,412,40.20733,-105.5695,1.6
2007,Copeland Lake,412,40.20733,-105.5695,1.7
2008,Copeland Lake,412,40.20733,-105.5695,1.7
2009,Copeland Lake,412,40.20733,-105.5695,1.2
2010,Copeland Lake,412,40.20733,-105.5695,1.2
2011,Copeland Lake,412,40.20733,-105.5695,1.9
2012,Copeland Lake,412,40.20733,-105.5695,1.2
2013,Copeland Lake,412,40.20733,-105.5695,0.6
2014,Copeland Lake,412,40.20733,-105.5695,1.8
2015,Copeland Lake,412,40.20733,-105.5695,1.3
2016,Copeland Lake,412,40.20733,-105.5695,1.1
2017,Copeland Lake,412,40.20733,-105.5695,1.8
2018,Copeland Lake,412,40.20733,-105.5695,0.8
2019,Copeland Lake,412,40.20733,-105.5695,1.9
2020,Copeland Lake,412,40.20733,-105.5695,1.4
2021,Copeland Lake,412,40.20733,-105.5695,1.2
2022,Copeland Lake,412,40.20733,-105.5695,2.1
2023,Copeland Lake,412,40.20733,-105.5695,2.3
2024,Copeland Lake,412,40.20733,-105.5695,1.5
1980,Copper Mountain,415,39.48917,-106.17154,5.8
1981,Copper Mountain,415,39.48917,-106.17154,2
1982,Copper Mountain,415,39.48917,-106.17154,6.6
1983,Copper Mountain,415,39.48917,-106.17154,6
1984,Copper Mountain,415,39.48917,-106.17154,7.3
1985,Copper Mountain,415,39.48917,-106.17154,5.2
1986,Copper Mountain,415,39.48917,-106.17154,5.2
1987,Copper Mountain,415,39.48917,-106.17154,3.6
1988,Copper Mountain,415,39.48917,-106.17154,4.4
1989,Copper Mountain,415,39.48917,-106.17154,3.7
1990,Copper Mountain,415,39.48917,-106.17154,3.8
1991,Copper Mountain,415,39.48917,-106.17154,3.6
1992,Copper Mountain,415,39.48917,-106.17154,4.2
1993,Copper Mountain,415,39.48917,-106.17154,6.2
1994,Copper Mountain,415,39.48917,-106.17154,5
1995,Copper Mountain,415,39.48917,-106.17154,6.8
1996,Copper Mountain,415,39.48917,-106.17154,7.9
1997,Copper Mountain,415,39.48917,-106.17154,7.8
1998,Copper Mountain,415,39.48917,-106.17154,4.6
1999,Copper Mountain,415,39.48917,-106.17154,5.1
2000,Copper Mountain,415,39.48917,-106.17154,4.9
2001,Copper Mountain,415,39.48917,-106.17154,4.2
2002,Copper Mountain,415,39.48917,-106.17154,3.8
2003,Copper Mountain,415,39.48917,-106.17154,5.5
2004,Copper Mountain,415,39.48917,-106.17154,3.5
2005,Copper Mountain,415,39.48917,-106.17154,4.4
2006,Copper Mountain,415,39.48917,-106.17154,6.6
2007,Copper Mountain,415,39.48917,-106.17154,5
2008,Copper Mountain,415,39.48917,-106.17154,6.9
2009,Copper Mountain,415,39.48917,-106.17154,5.6
2010,Copper Mountain,415,39.48917,-106.17154,3.9
2011,Copper Mountain,415,39.48917,-106.17154,8.8
2012,Copper Mountain,415,39.48917,-106.17154,2.5
2013,Copper Mountain,415,39.48917,-106.17154,3.6
2014,Copper Mountain,415,39.48917,-106.17154,7.4
2015,Copper Mountain,415,39.48917,-106.17154,6.1
2016,Copper Mountain,415,39.48917,-106.17154,5.6
2017,Copper Mountain,415,39.48917,-106.17154,6.3
2018,Copper Mountain,415,39.48917,-106.17154,4.2
2019,Copper Mountain,415,39.48917,-106.17154,8.1
2020,Copper Mountain,415,39.48917,-106.17154,6.1
2021,Copper Mountain,415,39.48917,-106.17154,4
2022,Copper Mountain,415,39.48917,-106.17154,4.9
2023,Copper Mountain,415,39.48917,-106.17154,5.2
2024,Copper Mountain,415,39.48917,-106.17154,5.5
1986,Crosho,426,40.16749,-107.05769,0.5
1987,Crosho,426,40.16749,-107.05769,2.2
1988,Crosho,426,40.16749,-107.05769,3.8
1989,Crosho,426,40.16749,-107.05769,2.8
1990,Crosho,426,40.16749,-107.05769,2.6
1991,Crosho,426,40.16749,-107.05769,3.2
1992,Crosho,426,40.16749,-107.05769,2.4
1993,Crosho,426,40.16749,-107.05769,4.6
1994,Crosho,426,40.16749,-107.05769,3.7
1995,Crosho,426,40.16749,-107.05769,4.4
1996,Crosho,426,40.16749,-107.05769,6.6
1997,Crosho,426,40.16749,-107.05769,4.6
1998,Crosho,426,40.16749,-107.05769,2.7
1999,Crosho,426,40.16749,-107.05769,2.2
2000,Crosho,426,40.16749,-107.05769,2.9
2001,Crosho,426,40.16749,-107.05769,2.9
2002,Crosho,426,40.16749,-107.05769,2.5
2003,Crosho,426,40.16749,-107.05769,4.1
2004,Crosho,426,40.16749,-107.05769,2.7
2005,Crosho,426,40.16749,-107.05769,2.4
2006,Crosho,426,40.16749,-107.05769,4.1
2007,Crosho,426,40.16749,-107.05769,2
2008,Crosho,426,40.16749,-107.05769,4.7
2009,Crosho,426,40.16749,-107.05769,4
2010,Crosho,426,40.16749,-107.05769,3
2011,Crosho,426,40.16749,-107.05769,5.9
2012,Crosho,426,40.16749,-107.05769,1.7
2013,Crosho,426,40.16749,-107.05769,3.5
2014,Crosho,426,40.16749,-107.05769,4.8
2015,Crosho,426,40.16749,-107.05769,3
2016,Crosho,426,40.16749,-107.05769,4.3
2017,Crosho,426,40.16749,-107.05769,2.7
2018,Crosho,426,40.16749,-107.05769,2.3
2019,Crosho,426,40.16749,-107.05769,4.2
2020,Crosho,426,40.16749,-107.05769,4.2
2021,Crosho,426,40.16749,-107.05769,2.5
2022,Crosho,426,40.16749,-107.05769,3.2
2023,Crosho,426,40.16749,-107.05769,4.9
2024,Crosho,426,40.16749,-107.05769,4
1980,Culebra #2,430,37.20939,-105.19988,5.3
1981,Culebra #2,430,37.20939,-105.19988,1.7
1982,Culebra #2,430,37.20939,-105.19988,3.4
1983,Culebra #2,430,37.20939,-105.19988,5.6
1984,Culebra #2,430,37.20939,-105.19988,6
1985,Culebra #2,430,37.20939,-105.19988,5.4
1986,Culebra #2,430,37.20939,-105.19988,2.5
1987,Culebra #2,430,37.20939,-105.19988,3.9
1988,Culebra #2,430,37.20939,-105.19988,3.1
1989,Culebra #2,430,37.20939,-105.19988,3.6
1990,Culebra #2,430,37.20939,-105.19988,3
1991,Culebra #2,430,37.20939,-105.19988,5
1992,Culebra #2,430,37.20939,-105.19988,4.7
1993,Culebra #2,430,37.20939,-105.19988,5.8
1994,Culebra #2,430,37.20939,-105.19988,4.8
1995,Culebra #2,430,37.20939,-105.19988,5.8
1996,Culebra #2,430,37.20939,-105.19988,2.7
1997,Culebra #2,430,37.20939,-105.19988,4.5
1998,Culebra #2,430,37.20939,-105.19988,4.6
1999,Culebra #2,430,37.20939,-105.19988,2.1
2000,Culebra #2,430,37.20939,-105.19988,3
2001,Culebra #2,430,37.20939,-105.19988,3.7
2002,Culebra #2,430,37.20939,-105.19988,2.2
2003,Culebra #2,430,37.20939,-105.19988,3.6
2004,Culebra #2,430,37.20939,-105.19988,3.1
2005,Culebra #2,430,37.20939,-105.19988,5.9
2006,Culebra #2,430,37.20939,-105.19988,1.9
2007,Culebra #2,430,37.20939,-105.19988,4.6
2008,Culebra #2,430,37.20939,-105.19988,4.4
2009,Culebra #2,430,37.20939,-105.19988,4.7
2010,Culebra #2,430,37.20939,-105.19988,4.4
2011,Culebra #2,430,37.20939,-105.19988,2.4
2012,Culebra #2,430,37.20939,-105.19988,2.5
2013,Culebra #2,430,37.20939,-105.19988,3.8
2014,Culebra #2,430,37.20939,-105.19988,3.7
2015,Culebra #2,430,37.20939,-105.19988,3.8
2016,Culebra #2,430,37.20939,-105.19988,4.4
2017,Culebra #2,430,37.20939,-105.19988,6.3
2018,Culebra #2,430,37.20939,-105.19988,2.2
2019,Culebra #2,430,37.20939,-105.19988,4.7
2020,Culebra #2,430,37.20939,-105.19988,5.2
2021,Culebra #2,430,37.20939,-105.19988,5
2022,Culebra #2,430,37.20939,-105.19988,2.2
2023,Culebra #2,430,37.20939,-105.19988,3.7
2024,Culebra #2,430,37.20939,-105.19988,3.3
1980,Cumbres Trestle,431,37.01877,-106.45275,1.7
1981,Cumbres Trestle,431,37.01877,-106.45275,3.2
1982,Cumbres Trestle,431,37.01877,-106.45275,10.4
1983,Cumbres Trestle,431,37.01877,-106.45275,12.4
1984,Cumbres Trestle,431,37.01877,-106.45275,13.5
1985,Cumbres Trestle,431,37.01877,-106.45275,14
1986,Cumbres Trestle,431,37.01877,-106.45275,10.1
1987,Cumbres Trestle,431,37.01877,-106.45275,8
1988,Cumbres Trestle,431,37.01877,-106.45275,7.1
1989,Cumbres Trestle,431,37.01877,-106.45275,9.4
1990,Cumbres Trestle,431,37.01877,-106.45275,3.7
1991,Cumbres Trestle,431,37.01877,-106.45275,11.3
1992,Cumbres Trestle,431,37.01877,-106.45275,7.8
1993,Cumbres Trestle,431,37.01877,-106.45275,13.1
1994,Cumbres Trestle,431,37.01877,-106.45275,10
1995,Cumbres Trestle,431,37.01877,-106.45275,13.9
1996,Cumbres Trestle,431,37.01877,-106.45275,6.6
1997,Cumbres Trestle,431,37.01877,-106.45275,11.8
1998,Cumbres Trestle,431,37.01877,-106.45275,8.4
1999,Cumbres Trestle,431,37.01877,-106.45275,5.4
2000,Cumbres Trestle,431,37.01877,-106.45275,3.8
2001,Cumbres Trestle,431,37.01877,-106.45275,8.6
2002,Cumbres Trestle,431,37.01877,-106.45275,3.9
2003,Cumbres Trestle,431,37.01877,-106.45275,7.9
2004,Cumbres Trestle,431,37.01877,-106.45275,8
2005,Cumbres Trestle,431,37.01877,-106.45275,11.5
2006,Cumbres Trestle,431,37.01877,-106.45275,4.9
2007,Cumbres Trestle,431,37.01877,-106.45275,6.9
2008,Cumbres Trestle,431,37.01877,-106.45275,13.2
2009,Cumbres Trestle,431,37.01877,-106.45275,11.8
2010,Cumbres Trestle,431,37.01877,-106.45275,10.6
2011,Cumbres Trestle,431,37.01877,-106.45275,9.5
2012,Cumbres Trestle,431,37.01877,-106.45275,5.2
2013,Cumbres Trestle,431,37.01877,-106.45275,6.4
2014,Cumbres Trestle,431,37.01877,-106.45275,6.2
2015,Cumbres Trestle,431,37.01877,-106.45275,5.8
2016,Cumbres Trestle,431,37.01877,-106.45275,8.7
2017,Cumbres Trestle,431,37.01877,-106.45275,15.7
2018,Cumbres Trestle,431,37.01877,-106.45275,3.7
2019,Cumbres Trestle,431,37.01877,-106.45275,11.6
2020,Cumbres Trestle,431,37.01877,-106.45275,7.5
2021,Cumbres Trestle,431,37.01877,-106.45275,7.1
2022,Cumbres Trestle,431,37.01877,-106.45275,8.8
2023,Cumbres Trestle,431,37.01877,-106.45275,11.2
2024,Cumbres Trestle,431,37.01877,-106.45275,6.7
1980,Deadman Hill,438,40.80572,-105.77018,8
1981,Deadman Hill,438,40.80572,-105.77018,5
1982,Deadman Hill,438,40.80572,-105.77018,8.7
1983,Deadman Hill,438,40.80572,-105.77018,9.6
1984,Deadman Hill,438,40.80572,-105.77018,8.9
1985,Deadman Hill,438,40.80572,-105.77018,7.4
1986,Deadman Hill,438,40.80572,-105.77018,10.6
1987,Deadman Hill,438,40.80572,-105.77018,4.4
1988,Deadman Hill,438,40.80572,-105.77018,7.1
1989,Deadman Hill,438,40.80572,-105.77018,5.4
1990,Deadman Hill,438,40.80572,-105.77018,6
1991,Deadman Hill,438,40.80572,-105.77018,5.7
1992,Deadman Hill,438,40.80572,-105.77018,4.9
1993,Deadman Hill,438,40.80572,-105.77018,7.3
1994,Deadman Hill,438,40.80572,-105.77018,6.4
1995,Deadman Hill,438,40.80572,-105.77018,7.9
1996,Deadman Hill,438,40.80572,-105.77018,10.1
1997,Deadman Hill,438,40.80572,-105.77018,8.1
1998,Deadman Hill,438,40.80572,-105.77018,6
1999,Deadman Hill,438,40.80572,-105.77018,7.3
2000,Deadman Hill,438,40.80572,-105.77018,5.2
2001,Deadman Hill,438,40.80572,-105.77018,4.4
2002,Deadman Hill,438,40.80572,-105.77018,3.4
2003,Deadman Hill,438,40.80572,-105.77018,5.1
2004,Deadman Hill,438,40.80572,-105.77018,5.2
2005,Deadman Hill,438,40.80572,-105.77018,6.6
2006,Deadman Hill,438,40.80572,-105.77018,6.3
2007,Deadman Hill,438,40.80572,-105.77018,5.9
2008,Deadman Hill,438,40.80572,-105.77018,7.7
2009,Deadman Hill,438,40.80572,-105.77018,6.9
2010,Deadman Hill,438,40.80572,-105.77018,6.8
2011,Deadman Hill,438,40.80572,-105.77018,11.3
2012,Deadman Hill,438,40.80572,-105.77018,5.9
2013,Deadman Hill,438,40.80572,-105.77018,6
2014,Deadman Hill,438,40.80572,-105.77018,10
2015,Deadman Hill,438,40.80572,-105.77018,7
2016,Deadman Hill,438,40.80572,-105.77018,8.1
2017,Deadman Hill,438,40.80572,-105.77018,9
2018,Deadman Hill,438,40.80572,-105.77018,7.1
2019,Deadman Hill,438,40.80572,-105.77018,8.6
2020,Deadman Hill,438,40.80572,-105.77018,6.7
2021,Deadman Hill,438,40.80572,-105.77018,6.6
2022,Deadman Hill,438,40.80572,-105.77018,7.7
2023,Deadman Hill,438,40.80572,-105.77018,7.2
2024,Deadman Hill,438,40.80572,-105.77018,7.2
1980,Dry Lake,457,40.5337,-106.7814,0.3
1981,Dry Lake,457,40.5337,-106.7814,2.3
1982,Dry Lake,457,40.5337,-106.7814,9.5
1983,Dry Lake,457,40.5337,-106.7814,9.8
1984,Dry Lake,457,40.5337,-106.7814,12.3
1985,Dry Lake,457,40.5337,-106.7814,8.6
1986,Dry Lake,457,40.5337,-106.7814,7.9
1987,Dry Lake,457,40.5337,-106.7814,3.2
1988,Dry Lake,457,40.5337,-106.7814,8.1
1989,Dry Lake,457,40.5337,-106.7814,6.3
1990,Dry Lake,457,40.5337,-106.7814,6.3
1991,Dry Lake,457,40.5337,-106.7814,6.5
1992,Dry Lake,457,40.5337,-106.7814,4.1
1993,Dry Lake,457,40.5337,-106.7814,8
1994,Dry Lake,457,40.5337,-106.7814,5.3
1995,Dry Lake,457,40.5337,-106.7814,8.2
1996,Dry Lake,457,40.5337,-106.7814,10.2
1997,Dry Lake,457,40.5337,-106.7814,9.5
1998,Dry Lake,457,40.5337,-106.7814,5.7
1999,Dry Lake,457,40.5337,-106.7814,5
2000,Dry Lake,457,40.5337,-106.7814,6.8
2001,Dry Lake,457,40.5337,-106.7814,5.6
2002,Dry Lake,457,40.5337,-106.7814,5
2003,Dry Lake,457,40.5337,-106.7814,7.2
2004,Dry Lake,457,40.5337,-106.7814,5.8
2005,Dry Lake,457,40.5337,-106.7814,6.5
2006,Dry Lake,457,40.5337,-106.7814,8.1
2007,Dry Lake,457,40.5337,-106.7814,4.3
2008,Dry Lake,457,40.5337,-106.7814,8.1
2009,Dry Lake,457,40.5337,-106.7814,7.6
2010,Dry Lake,457,40.5337,-106.7814,5.8
2011,Dry Lake,457,40.5337,-106.7814,12.5
2012,Dry Lake,457,40.5337,-106.7814,3.2
2013,Dry Lake,457,40.5337,-106.7814,6
2014,Dry Lake,457,40.5337,-106.7814,8.2
2015,Dry Lake,457,40.5337,-106.7814,4.2
2016,Dry Lake,457,40.5337,-106.7814,7.8
2017,Dry Lake,457,40.5337,-106.7814,6.6
2018,Dry Lake,457,40.5337,-106.7814,5.3
2019,Dry Lake,457,40.5337,-106.7814,7.8
2020,Dry Lake,457,40.5337,-106.7814,7.9
2021,Dry Lake,457,40.5337,-106.7814,4.9
2022,Dry Lake,457,40.5337,-106.7814,6.5
2023,Dry Lake,457,40.5337,-106.7814,10.3
2024,Dry Lake,457,40.5337,-106.7814,7.6
1998,Echo Lake,936,39.65539,-105.59358,0.5
1999,Echo Lake,936,39.65539,-105.59358,2.6
2000,Echo Lake,936,39.65539,-105.59358,2.5
2001,Echo Lake,936,39.65539,-105.59358,1.6
2002,Echo Lake,936,39.65539,-105.59358,0.9
2003,Echo Lake,936,39.65539,-105.59358,2.8
2004,Echo Lake,936,39.65539,-105.59358,2.4
2005,Echo Lake,936,39.65539,-105.59358,3.2
2006,Echo Lake,936,39.65539,-105.59358,2.6
2007,Echo Lake,936,39.65539,-105.59358,5.2
2008,Echo Lake,936,39.65539,-105.59358,2.6
2009,Echo Lake,936,39.65539,-105.59358,1.9
2010,Echo Lake,936,39.65539,-105.59358,2.5
2011,Echo Lake,936,39.65539,-105.59358,2.4
2012,Echo Lake,936,39.65539,-105.59358,1.6
2013,Echo Lake,936,39.65539,-105.59358,1.5
2014,Echo Lake,936,39.65539,-105.59358,2.6
2015,Echo Lake,936,39.65539,-105.59358,3.6
2016,Echo Lake,936,39.65539,-105.59358,3.5
2017,Echo Lake,936,39.65539,-105.59358,3
2018,Echo Lake,936,39.65539,-105.59358,1.6
2019,Echo Lake,936,39.65539,-105.59358,3.3
2020,Echo Lake,936,39.65539,-105.59358,2.6
2021,Echo Lake,936,39.65539,-105.59358,2.6
2022,Echo Lake,936,39.65539,-105.59358,2
2023,Echo Lake,936,39.65539,-105.59358,2.4
2024,Echo Lake,936,39.65539,-105.59358,3
1986,El Diente Peak,465,37.78607,-108.02235,1.8
1987,El Diente Peak,465,37.78607,-108.02235,4.8
1988,El Diente Peak,465,37.78607,-108.02235,3
1989,El Diente Peak,465,37.78607,-108.02235,3.9
1990,El Diente Peak,465,37.78607,-108.02235,2.3
1991,El Diente Peak,465,37.78607,-108.02235,3.5
1992,El Diente Peak,465,37.78607,-108.02235,3.1
1993,El Diente Peak,465,37.78607,-108.02235,7.3
1994,El Diente Peak,465,37.78607,-108.02235,3.9
1995,El Diente Peak,465,37.78607,-108.02235,7.5
1996,El Diente Peak,465,37.78607,-108.02235,4.3
1997,El Diente Peak,465,37.78607,-108.02235,7.6
1998,El Diente Peak,465,37.78607,-108.02235,4.4
1999,El Diente Peak,465,37.78607,-108.02235,2.6
2000,El Diente Peak,465,37.78607,-108.02235,4.2
2001,El Diente Peak,465,37.78607,-108.02235,4.2
2002,El Diente Peak,465,37.78607,-108.02235,2.5
2003,El Diente Peak,465,37.78607,-108.02235,3.2
2004,El Diente Peak,465,37.78607,-108.02235,4.1
2005,El Diente Peak,465,37.78607,-108.02235,5.6
2006,El Diente Peak,465,37.78607,-108.02235,3.3
2007,El Diente Peak,465,37.78607,-108.02235,2.7
2008,El Diente Peak,465,37.78607,-108.02235,7
2009,El Diente Peak,465,37.78607,-108.02235,5.3
2010,El Diente Peak,465,37.78607,-108.02235,5.3
2011,El Diente Peak,465,37.78607,-108.02235,4
2012,El Diente Peak,465,37.78607,-108.02235,2
2013,El Diente Peak,465,37.78607,-108.02235,3.3
2014,El Diente Peak,465,37.78607,-108.02235,3.4
2015,El Diente Peak,465,37.78607,-108.02235,2.2
2016,El Diente Peak,465,37.78607,-108.02235,4.3
2017,El Diente Peak,465,37.78607,-108.02235,6.1
2018,El Diente Peak,465,37.78607,-108.02235,2.1
2019,El Diente Peak,465,37.78607,-108.02235,7.3
2020,El Diente Peak,465,37.78607,-108.02235,4.3
2021,El Diente Peak,465,37.78607,-108.02235,3
2022,El Diente Peak,465,37.78607,-108.02235,3.5
2023,El Diente Peak,465,37.78607,-108.02235,6.8
2024,El Diente Peak,465,37.78607,-108.02235,4.1
1980,Elk River,467,40.84758,-106.96861,7.1
1981,Elk River,467,40.84758,-106.96861,2.2
1982,Elk River,467,40.84758,-106.96861,7.5
1983,Elk River,467,40.84758,-106.96861,6.5
1984,Elk River,467,40.84758,-106.96861,8.2
1985,Elk River,467,40.84758,-106.96861,6.7
1986,Elk River,467,40.84758,-106.96861,7.4
1987,Elk River,467,40.84758,-106.96861,3
1988,Elk River,467,40.84758,-106.96861,5.8
1989,Elk River,467,40.84758,-106.96861,4.9
1990,Elk River,467,40.84758,-106.96861,6.3
1991,Elk River,467,40.84758,-106.96861,5.2
1992,Elk River,467,40.84758,-106.96861,3.3
1993,Elk River,467,40.84758,-106.96861,6.8
1994,Elk River,467,40.84758,-106.96861,5
1995,Elk River,467,40.84758,-106.96861,7
1996,Elk River,467,40.84758,-106.96861,7.6
1997,Elk River,467,40.84758,-106.96861,9.8
1998,Elk River,467,40.84758,-106.96861,4.8
1999,Elk River,467,40.84758,-106.96861,5.2
2000,Elk River,467,40.84758,-106.96861,5.1
2001,Elk River,467,40.84758,-106.96861,5.2
2002,Elk River,467,40.84758,-106.96861,3.6
2003,Elk River,467,40.84758,-106.96861,5.6
2004,Elk River,467,40.84758,-106.96861,4.6
2005,Elk River,467,40.84758,-106.96861,6.5
2006,Elk River,467,40.84758,-106.96861,6.2
2007,Elk River,467,40.84758,-106.96861,4
2008,Elk River,467,40.84758,-106.96861,7.8
2009,Elk River,467,40.84758,-106.96861,6.9
2010,Elk River,467,40.84758,-106.96861,5.6
2011,Elk River,467,40.84758,-106.96861,10.4
2012,Elk River,467,40.84758,-106.96861,3.1
2013,Elk River,467,40.84758,-106.96861,4.6
2014,Elk River,467,40.84758,-106.96861,6.8
2015,Elk River,467,40.84758,-106.96861,3.3
2016,Elk River,467,40.84758,-106.96861,5.6
2017,Elk River,467,40.84758,-106.96861,5.4
2018,Elk River,467,40.84758,-106.96861,4.2
2019,Elk River,467,40.84758,-106.96861,6.1
2020,Elk River,467,40.84758,-106.96861,6.4
2021,Elk River,467,40.84758,-106.96861,4.4
2022,Elk River,467,40.84758,-106.96861,5.9
2023,Elk River,467,40.84758,-106.96861,8.7
2024,Elk River,467,40.84758,-106.96861,5.1
2016,Elkhead Divide,1252,40.79637,-107.10113,0.7
2017,Elkhead Divide,1252,40.79637,-107.10113,7.4
2018,Elkhead Divide,1252,40.79637,-107.10113,4.4
2019,Elkhead Divide,1252,40.79637,-107.10113,7.6
2020,Elkhead Divide,1252,40.79637,-107.10113,7.1
2021,Elkhead Divide,1252,40.79637,-107.10113,4.4
2022,Elkhead Divide,1252,40.79637,-107.10113,6.1
2023,Elkhead Divide,1252,40.79637,-107.10113,10.1
2024,Elkhead Divide,1252,40.79637,-107.10113,6.5
2009,Elliot Ridge,1120,39.8638,-106.42473,0.7
2010,Elliot Ridge,1120,39.8638,-106.42473,5.5
2011,Elliot Ridge,1120,39.8638,-106.42473,10.8
2012,Elliot Ridge,1120,39.8638,-106.42473,3.5
2013,Elliot Ridge,1120,39.8638,-106.42473,6.1
2014,Elliot Ridge,1120,39.8638,-106.42473,8.3
2015,Elliot Ridge,1120,39.8638,-106.42473,5.6
2016,Elliot Ridge,1120,39.8638,-106.42473,7.6
2017,Elliot Ridge,1120,39.8638,-106.42473,7.5
2018,Elliot Ridge,1120,39.8638,-106.42473,5.6
2019,Elliot Ridge,1120,39.8638,-106.42473,9.3
2020,Elliot Ridge,1120,39.8638,-106.42473,7.6
2021,Elliot Ridge,1120,39.8638,-106.42473,6.1
2022,Elliot Ridge,1120,39.8638,-106.42473,8.8
2023,Elliot Ridge,1120,39.8638,-106.42473,9.4
2024,Elliot Ridge,1120,39.8638,-106.42473,8.5
2024,Elwood Pass,1325,37.40563,-106.64136,2.8
2011,Fool Creek,1186,39.86866,-105.86765,3
2012,Fool Creek,1186,39.86866,-105.86765,5
2013,Fool Creek,1186,39.86866,-105.86765,7
2014,Fool Creek,1186,39.86866,-105.86765,10
2015,Fool Creek,1186,39.86866,-105.86765,8.4
2016,Fool Creek,1186,39.86866,-105.86765,8.7
2017,Fool Creek,1186,39.86866,-105.86765,9.4
2018,Fool Creek,1186,39.86866,-105.86765,7.7
2019,Fool Creek,1186,39.86866,-105.86765,9.8
2020,Fool Creek,1186,39.86866,-105.86765,8.5
2021,Fool Creek,1186,39.86866,-105.86765,7
2022,Fool Creek,1186,39.86866,-105.86765,7.4
2023,Fool Creek,1186,39.86866,-105.86765,7.4
2024,Fool Creek,1186,39.86866,-105.86765,8.3
1980,Fremont Pass,485,39.38014,-106.19784,0.8
1981,Fremont Pass,485,39.38014,-106.19784,4.7
1982,Fremont Pass,485,39.38014,-106.19784,8.7
1983,Fremont Pass,485,39.38014,-106.19784,7.8
1984,Fremont Pass,485,39.38014,-106.19784,10.5
1985,Fremont Pass,485,39.38014,-106.19784,6.8
1986,Fremont Pass,485,39.38014,-106.19784,7.1
1987,Fremont Pass,485,39.38014,-106.19784,6.8
1988,Fremont Pass,485,39.38014,-106.19784,7.4
1989,Fremont Pass,485,39.38014,-106.19784,6.8
1990,Fremont Pass,485,39.38014,-106.19784,6.6
1991,Fremont Pass,485,39.38014,-106.19784,6.7
1992,Fremont Pass,485,39.38014,-106.19784,6.3
1993,Fremont Pass,485,39.38014,-106.19784,8.8
1994,Fremont Pass,485,39.38014,-106.19784,5.7
1995,Fremont Pass,485,39.38014,-106.19784,8.7
1996,Fremont Pass,485,39.38014,-106.19784,10.4
1997,Fremont Pass,485,39.38014,-106.19784,9.6
1998,Fremont Pass,485,39.38014,-106.19784,6.1
1999,Fremont Pass,485,39.38014,-106.19784,7
2000,Fremont Pass,485,39.38014,-106.19784,5.8
2001,Fremont Pass,485,39.38014,-106.19784,6.2
2002,Fremont Pass,485,39.38014,-106.19784,4.4
2003,Fremont Pass,485,39.38014,-106.19784,6.5
2004,Fremont Pass,485,39.38014,-106.19784,5.4
2005,Fremont Pass,485,39.38014,-106.19784,6.3
2006,Fremont Pass,485,39.38014,-106.19784,9.8
2007,Fremont Pass,485,39.38014,-106.19784,6.8
2008,Fremont Pass,485,39.38014,-106.19784,8.9
2009,Fremont Pass,485,39.38014,-106.19784,8.2
2010,Fremont Pass,485,39.38014,-106.19784,6
2011,Fremont Pass,485,39.38014,-106.19784,9.8
2012,Fremont Pass,485,39.38014,-106.19784,4
2013,Fremont Pass,485,39.38014,-106.19784,5.8
2014,Fremont Pass,485,39.38014,-106.19784,8.6
2015,Fremont Pass,485,39.38014,-106.19784,8.1
2016,Fremont Pass,485,39.38014,-106.19784,6.9
2017,Fremont Pass,485,39.38014,-106.19784,8.3
2018,Fremont Pass,485,39.38014,-106.19784,6.8
2019,Fremont Pass,485,39.38014,-106.19784,10.4
2020,Fremont Pass,485,39.38014,-106.19784,7
2021,Fremont Pass,485,39.38014,-106.19784,5.4
2022,Fremont Pass,485,39.38014,-106.19784,6.4
2023,Fremont Pass,485,39.38014,-106.19784,6.1
2024,Fremont Pass,485,39.38014,-106.19784,7.1
2004,Glen Cove,1057,38.87602,-105.07605,0.6
2005,Glen Cove,1057,38.87602,-105.07605,2.7
2006,Glen Cove,1057,38.87602,-105.07605,1
2007,Glen Cove,1057,38.87602,-105.07605,3.5
2008,Glen Cove,1057,38.87602,-105.07605,1.7
2009,Glen Cove,1057,38.87602,-105.07605,1.4
2010,Glen Cove,1057,38.87602,-105.07605,2.5
2011,Glen Cove,1057,38.87602,-105.07605,0.2
2012,Glen Cove,1057,38.87602,-105.07605,0.6
2013,Glen Cove,1057,38.87602,-105.07605,0.8
2014,Glen Cove,1057,38.87602,-105.07605,1.2
2015,Glen Cove,1057,38.87602,-105.07605,2.7
2016,Glen Cove,1057,38.87602,-105.07605,2.8
2017,Glen Cove,1057,38.87602,-105.07605,1.4
2018,Glen Cove,1057,38.87602,-105.07605,0.2
2019,Glen Cove,1057,38.87602,-105.07605,1.3
2020,Glen Cove,1057,38.87602,-105.07605,1.2
2021,Glen Cove,1057,38.87602,-105.07605,0.9
2022,Glen Cove,1057,38.87602,-105.07605,0.5
2023,Glen Cove,1057,38.87602,-105.07605,0.5
2024,Glen Cove,1057,38.87602,-105.07605,2.7
2004,Grayback,1058,37.47051,-106.5379,3
2005,Grayback,1058,37.47051,-106.5379,6.5
2006,Grayback,1058,37.47051,-106.5379,2.5
2007,Grayback,1058,37.47051,-106.5379,5.2
2008,Grayback,1058,37.47051,-106.5379,8.7
2009,Grayback,1058,37.47051,-106.5379,6.3
2010,Grayback,1058,37.47051,-106.5379,6
2011,Grayback,1058,37.47051,-106.5379,5
2012,Grayback,1058,37.47051,-106.5379,2.6
2013,Grayback,1058,37.47051,-106.5379,3.6
2014,Grayback,1058,37.47051,-106.5379,3
2015,Grayback,1058,37.47051,-106.5379,2.4
2016,Grayback,1058,37.47051,-106.5379,4.9
2017,Grayback,1058,37.47051,-106.5379,1.5
2018,Grayback,1058,37.47051,-106.5379,0.8
2019,Grayback,1058,37.47051,-106.5379,2.4
2020,Grayback,1058,37.47051,-106.5379,1.8
2021,Grayback,1058,37.47051,-106.5379,2.2
2022,Grayback,1058,37.47051,-106.5379,1.1
2023,Grayback,1058,37.47051,-106.5379,1.1
2024,Grayback,1058,37.47051,-106.5379,1.6
1980,Grizzly Peak,505,39.64646,-105.8694,1.1
1981,Grizzly Peak,505,39.64646,-105.8694,2.1
1982,Grizzly Peak,505,39.64646,-105.8694,7.7
1983,Grizzly Peak,505,39.64646,-105.8694,8.2
1984,Grizzly Peak,505,39.64646,-105.8694,9.7
1985,Grizzly Peak,505,39.64646,-105.8694,6.1
1986,Grizzly Peak,505,39.64646,-105.8694,7.7
1987,Grizzly Peak,505,39.64646,-105.8694,3.8
1988,Grizzly Peak,505,39.64646,-105.8694,6
1989,Grizzly Peak,505,39.64646,-105.8694,4
1990,Grizzly Peak,505,39.64646,-105.8694,5.2
1991,Grizzly Peak,505,39.64646,-105.8694,4.1
1992,Grizzly Peak,505,39.64646,-105.8694,4.1
1993,Grizzly Peak,505,39.64646,-105.8694,7.7
1994,Grizzly Peak,505,39.64646,-105.8694,5.6
1995,Grizzly Peak,505,39.64646,-105.8694,7.9
1996,Grizzly Peak,505,39.64646,-105.8694,10.8
1997,Grizzly Peak,505,39.64646,-105.8694,9.5
1998,Grizzly Peak,505,39.64646,-105.8694,5.8
1999,Grizzly Peak,505,39.64646,-105.8694,6.2
2000,Grizzly Peak,505,39.64646,-105.8694,4.9
2001,Grizzly Peak,505,39.64646,-105.8694,4.9
2002,Grizzly Peak,505,39.64646,-105.8694,2.9
2003,Grizzly Peak,505,39.64646,-105.8694,6.1
2004,Grizzly Peak,505,39.64646,-105.8694,4
2005,Grizzly Peak,505,39.64646,-105.8694,4.6
2006,Grizzly Peak,505,39.64646,-105.8694,7.9
2007,Grizzly Peak,505,39.64646,-105.8694,6.2
2008,Grizzly Peak,505,39.64646,-105.8694,7.1
2009,Grizzly Peak,505,39.64646,-105.8694,6.8
2010,Grizzly Peak,505,39.64646,-105.8694,4.7
2011,Grizzly Peak,505,39.64646,-105.8694,11.5
2012,Grizzly Peak,505,39.64646,-105.8694,3.2
2013,Grizzly Peak,505,39.64646,-105.8694,5.1
2014,Grizzly Peak,505,39.64646,-105.8694,8.7
2015,Grizzly Peak,505,39.64646,-105.8694,7.2
2016,Grizzly Peak,505,39.64646,-105.8694,6.6
2017,Grizzly Peak,505,39.64646,-105.8694,8.5
2018,Grizzly Peak,505,39.64646,-105.8694,5.6
2019,Grizzly Peak,505,39.64646,-105.8694,8.9
2020,Grizzly Peak,505,39.64646,-105.8694,5.9
2021,Grizzly Peak,505,39.64646,-105.8694,4.8
2022,Grizzly Peak,505,39.64646,-105.8694,6.1
2023,Grizzly Peak,505,39.64646,-105.8694,6.2
2024,Grizzly Peak,505,39.64646,-105.8694,6.2
2007,Hayden Pass,1102,38.29303,-105.85027,0.5
2008,Hayden Pass,1102,38.29303,-105.85027,7.3
2009,Hayden Pass,1102,38.29303,-105.85027,6.4
2010,Hayden Pass,1102,38.29303,-105.85027,6
2011,Hayden Pass,1102,38.29303,-105.85027,3.7
2012,Hayden Pass,1102,38.29303,-105.85027,4.1
2013,Hayden Pass,1102,38.29303,-105.85027,3.3
2014,Hayden Pass,1102,38.29303,-105.85027,4.3
2015,Hayden Pass,1102,38.29303,-105.85027,5.6
2016,Hayden Pass,1102,38.29303,-105.85027,5.3
2017,Hayden Pass,1102,38.29303,-105.85027,5.8
2018,Hayden Pass,1102,38.29303,-105.85027,1.3
2019,Hayden Pass,1102,38.29303,-105.85027,7.2
2020,Hayden Pass,1102,38.29303,-105.85027,4.6
2021,Hayden Pass,1102,38.29303,-105.85027,4
2022,Hayden Pass,1102,38.29303,-105.85027,2
2023,Hayden Pass,1102,38.29303,-105.85027,2.2
2024,Hayden Pass,1102,38.29303,-105.85027,4
2013,High Lonesome,1187,40.0359,-105.75472,2.1
2014,High Lonesome,1187,40.0359,-105.75472,9.2
2015,High Lonesome,1187,40.0359,-105.75472,6.8
2016,High Lonesome,1187,40.0359,-105.75472,8.2
2017,High Lonesome,1187,40.0359,-105.75472,6.7
2018,High Lonesome,1187,40.0359,-105.75472,5
2019,High Lonesome,1187,40.0359,-105.75472,8.3
2020,High Lonesome,1187,40.0359,-105.75472,6.7
2021,High Lonesome,1187,40.0359,-105.75472,5.7
2022,High Lonesome,1187,40.0359,-105.75472,7.8
2023,High Lonesome,1187,40.0359,-105.75472,7.2
2024,High Lonesome,1187,40.0359,-105.75472,8.3
1980,Hoosier Pass,531,39.36092,-106.05999,0.5
1981,Hoosier Pass,531,39.36092,-106.05999,2.3
1982,Hoosier Pass,531,39.36092,-106.05999,7.5
1983,Hoosier Pass,531,39.36092,-106.05999,4.8
1984,Hoosier Pass,531,39.36092,-106.05999,7.5
1985,Hoosier Pass,531,39.36092,-106.05999,5.2
1986,Hoosier Pass,531,39.36092,-106.05999,6.6
1987,Hoosier Pass,531,39.36092,-106.05999,5.9
1988,Hoosier Pass,531,39.36092,-106.05999,5.1
1989,Hoosier Pass,531,39.36092,-106.05999,4.4
1990,Hoosier Pass,531,39.36092,-106.05999,4.5
1991,Hoosier Pass,531,39.36092,-106.05999,4.5
1992,Hoosier Pass,531,39.36092,-106.05999,4.9
1993,Hoosier Pass,531,39.36092,-106.05999,5.7
1994,Hoosier Pass,531,39.36092,-106.05999,5.3
1995,Hoosier Pass,531,39.36092,-106.05999,8.2
1996,Hoosier Pass,531,39.36092,-106.05999,8.2
1997,Hoosier Pass,531,39.36092,-106.05999,9.8
1998,Hoosier Pass,531,39.36092,-106.05999,5.2
1999,Hoosier Pass,531,39.36092,-106.05999,6.5
2000,Hoosier Pass,531,39.36092,-106.05999,4.8
2001,Hoosier Pass,531,39.36092,-106.05999,4.8
2002,Hoosier Pass,531,39.36092,-106.05999,3
2003,Hoosier Pass,531,39.36092,-106.05999,4.4
2004,Hoosier Pass,531,39.36092,-106.05999,4
2005,Hoosier Pass,531,39.36092,-106.05999,5.5
2006,Hoosier Pass,531,39.36092,-106.05999,7.4
2007,Hoosier Pass,531,39.36092,-106.05999,6.4
2008,Hoosier Pass,531,39.36092,-106.05999,7.1
2009,Hoosier Pass,531,39.36092,-106.05999,5.5
2010,Hoosier Pass,531,39.36092,-106.05999,5.1
2011,Hoosier Pass,531,39.36092,-106.05999,7.8
2012,Hoosier Pass,531,39.36092,-106.05999,3.1
2013,Hoosier Pass,531,39.36092,-106.05999,4.3
2014,Hoosier Pass,531,39.36092,-106.05999,7.7
2015,Hoosier Pass,531,39.36092,-106.05999,7.7
2016,Hoosier Pass,531,39.36092,-106.05999,6.3
2017,Hoosier Pass,531,39.36092,-106.05999,6.8
2018,Hoosier Pass,531,39.36092,-106.05999,5.3
2019,Hoosier Pass,531,39.36092,-106.05999,8.7
2020,Hoosier Pass,531,39.36092,-106.05999,6.4
2021,Hoosier Pass,531,39.36092,-106.05999,5.1
2022,Hoosier Pass,531,39.36092,-106.05999,4.9
2023,Hoosier Pass,531,39.36092,-106.05999,4.8
2024,Hoosier Pass,531,39.36092,-106.05999,6.7
2008,Hourglass Lake,1122,40.57717,-105.62584,0.1
2009,Hourglass Lake,1122,40.57717,-105.62584,3
2010,Hourglass Lake,1122,40.57717,-105.62584,3.2
2011,Hourglass Lake,1122,40.57717,-105.62584,5.1
2012,Hourglass Lake,1122,40.57717,-105.62584,3
2013,Hourglass Lake,1122,40.57717,-105.62584,2.4
2014,Hourglass Lake,1122,40.57717,-105.62584,4.5
2015,Hourglass Lake,1122,40.57717,-105.62584,3.7
2016,Hourglass Lake,1122,40.57717,-105.62584,4.5
2017,Hourglass Lake,1122,40.57717,-105.62584,4.2
2018,Hourglass Lake,1122,40.57717,-105.62584,3.5
2019,Hourglass Lake,1122,40.57717,-105.62584,4
2020,Hourglass Lake,1122,40.57717,-105.62584,4.9
2021,Hourglass Lake,1122,40.57717,-105.62584,3.7
2022,Hourglass Lake,1122,40.57717,-105.62584,3.4
2023,Hourglass Lake,1122,40.57717,-105.62584,3.5
2024,Hourglass Lake,1122,40.57717,-105.62584,3.2
1980,Idarado,538,37.93389,-107.6762,0.4
1981,Idarado,538,37.93389,-107.6762,2.4
1982,Idarado,538,37.93389,-107.6762,5.1
1983,Idarado,538,37.93389,-107.6762,5.4
1984,Idarado,538,37.93389,-107.6762,7.9
1985,Idarado,538,37.93389,-107.6762,4.6
1986,Idarado,538,37.93389,-107.6762,3.9
1987,Idarado,538,37.93389,-107.6762,4.7
1988,Idarado,538,37.93389,-107.6762,2.4
1989,Idarado,538,37.93389,-107.6762,3.8
1990,Idarado,538,37.93389,-107.6762,2.6
1991,Idarado,538,37.93389,-107.6762,4.1
1992,Idarado,538,37.93389,-107.6762,3.9
1993,Idarado,538,37.93389,-107.6762,4.8
1994,Idarado,538,37.93389,-107.6762,3.8
1995,Idarado,538,37.93389,-107.6762,6
1996,Idarado,538,37.93389,-107.6762,5.2
1997,Idarado,538,37.93389,-107.6762,7.9
1998,Idarado,538,37.93389,-107.6762,4
1999,Idarado,538,37.93389,-107.6762,3.4
2000,Idarado,538,37.93389,-107.6762,3.5
2001,Idarado,538,37.93389,-107.6762,3.2
2002,Idarado,538,37.93389,-107.6762,2.4
2003,Idarado,538,37.93389,-107.6762,3.5
2004,Idarado,538,37.93389,-107.6762,4.2
2005,Idarado,538,37.93389,-107.6762,4.9
2006,Idarado,538,37.93389,-107.6762,3.8
2007,Idarado,538,37.93389,-107.6762,3.5
2008,Idarado,538,37.93389,-107.6762,5.3
2009,Idarado,538,37.93389,-107.6762,4.6
2010,Idarado,538,37.93389,-107.6762,4.1
2011,Idarado,538,37.93389,-107.6762,5.5
2012,Idarado,538,37.93389,-107.6762,2.6
2013,Idarado,538,37.93389,-107.6762,2.9
2014,Idarado,538,37.93389,-107.6762,4.2
2015,Idarado,538,37.93389,-107.6762,3.8
2016,Idarado,538,37.93389,-107.6762,5
2017,Idarado,538,37.93389,-107.6762,5.3
2018,Idarado,538,37.93389,-107.6762,2
2019,Idarado,538,37.93389,-107.6762,5.3
2020,Idarado,538,37.93389,-107.6762,3.9
2021,Idarado,538,37.93389,-107.6762,3.6
2022,Idarado,538,37.93389,-107.6762,3.1
2023,Idarado,538,37.93389,-107.6762,5.3
2024,Idarado,538,37.93389,-107.6762,3
1980,Independence Pass,542,39.07543,-106.61154,1
1981,Independence Pass,542,39.07543,-106.61154,2.8
1982,Independence Pass,542,39.07543,-106.61154,7
1983,Independence Pass,542,39.07543,-106.61154,6.5
1984,Independence Pass,542,39.07543,-106.61154,8.7
1985,Independence Pass,542,39.07543,-106.61154,6.1
1986,Independence Pass,542,39.07543,-106.61154,6.5
1987,Independence Pass,542,39.07543,-106.61154,4.7
1988,Independence Pass,542,39.07543,-106.61154,4.1
1989,Independence Pass,542,39.07543,-106.61154,4.6
1990,Independence Pass,542,39.07543,-106.61154,4.5
1991,Independence Pass,542,39.07543,-106.61154,5.4
1992,Independence Pass,542,39.07543,-106.61154,4.6
1993,Independence Pass,542,39.07543,-106.61154,7.3
1994,Independence Pass,542,39.07543,-106.61154,5.8
1995,Independence Pass,542,39.07543,-106.61154,8.7
1996,Independence Pass,542,39.07543,-106.61154,7.4
1997,Independence Pass,542,39.07543,-106.61154,8
1998,Independence Pass,542,39.07543,-106.61154,5.1
1999,Independence Pass,542,39.07543,-106.61154,4.9
2000,Independence Pass,542,39.07543,-106.61154,4.4
2001,Independence Pass,542,39.07543,-106.61154,4.6
2002,Independence Pass,542,39.07543,-106.61154,3.6
2003,Independence Pass,542,39.07543,-106.61154,5.5
2004,Independence Pass,542,39.07543,-106.61154,4.9
2005,Independence Pass,542,39.07543,-106.61154,5.6
2006,Independence Pass,542,39.07543,-106.61154,5.9
2007,Independence Pass,542,39.07543,-106.61154,5.4
2008,Independence Pass,542,39.07543,-106.61154,8.4
2009,Independence Pass,542,39.07543,-106.61154,7
2010,Independence Pass,542,39.07543,-106.61154,5.5
2011,Independence Pass,542,39.07543,-106.61154,8.1
2012,Independence Pass,542,39.07543,-106.61154,2.6
2013,Independence Pass,542,39.07543,-106.61154,3.7
2014,Independence Pass,542,39.07543,-106.61154,6.4
2015,Independence Pass,542,39.07543,-106.61154,5.6
2016,Independence Pass,542,39.07543,-106.61154,5.4
2017,Independence Pass,542,39.07543,-106.61154,6.1
2018,Independence Pass,542,39.07543,-106.61154,3.7
2019,Independence Pass,542,39.07543,-106.61154,7.5
2020,Independence Pass,542,39.07543,-106.61154,5.7
2021,Independence Pass,542,39.07543,-106.61154,4.3
2022,Independence Pass,542,39.07543,-106.61154,4.9
2023,Independence Pass,542,39.07543,-106.61154,5.5
2024,Independence Pass,542,39.07543,-106.61154,5.2
1991,Ivanhoe,547,39.29228,-106.54907,2.3
1992,Ivanhoe,547,39.29228,-106.54907,4.1
1993,Ivanhoe,547,39.29228,-106.54907,6.2
1994,Ivanhoe,547,39.29228,-106.54907,4.6
1995,Ivanhoe,547,39.29228,-106.54907,7.4
1996,Ivanhoe,547,39.29228,-106.54907,6
1997,Ivanhoe,547,39.29228,-106.54907,7
1998,Ivanhoe,547,39.29228,-106.54907,4.3
1999,Ivanhoe,547,39.29228,-106.54907,4
2000,Ivanhoe,547,39.29228,-106.54907,4.7
2001,Ivanhoe,547,39.29228,-106.54907,3.9
2002,Ivanhoe,547,39.29228,-106.54907,3.5
2003,Ivanhoe,547,39.29228,-106.54907,4.4
2004,Ivanhoe,547,39.29228,-106.54907,3.8
2005,Ivanhoe,547,39.29228,-106.54907,4.8
2006,Ivanhoe,547,39.29228,-106.54907,6.7
2007,Ivanhoe,547,39.29228,-106.54907,4.3
2008,Ivanhoe,547,39.29228,-106.54907,8.1
2009,Ivanhoe,547,39.29228,-106.54907,6.3
2010,Ivanhoe,547,39.29228,-106.54907,4.8
2011,Ivanhoe,547,39.29228,-106.54907,7.9
2012,Ivanhoe,547,39.29228,-106.54907,3.4
2013,Ivanhoe,547,39.29228,-106.54907,4.7
2014,Ivanhoe,547,39.29228,-106.54907,6.1
2015,Ivanhoe,547,39.29228,-106.54907,5.9
2016,Ivanhoe,547,39.29228,-106.54907,6.4
2017,Ivanhoe,547,39.29228,-106.54907,8
2018,Ivanhoe,547,39.29228,-106.54907,5.4
2019,Ivanhoe,547,39.29228,-106.54907,9.2
2020,Ivanhoe,547,39.29228,-106.54907,6.4
2021,Ivanhoe,547,39.29228,-106.54907,5
2022,Ivanhoe,547,39.29228,-106.54907,6
2023,Ivanhoe,547,39.29228,-106.54907,6.3
2024,Ivanhoe,547,39.29228,-106.54907,7.3
1998,Jackwhacker Gulch,935,39.57096,-105.80355,1.2
1999,Jackwhacker Gulch,935,39.57096,-105.80355,4.8
2000,Jackwhacker Gulch,935,39.57096,-105.80355,4
2001,Jackwhacker Gulch,935,39.57096,-105.80355,3.8
2002,Jackwhacker Gulch,935,39.57096,-105.80355,2.1
2003,Jackwhacker Gulch,935,39.57096,-105.80355,4.1
2004,Jackwhacker Gulch,935,39.57096,-105.80355,3
2005,Jackwhacker Gulch,935,39.57096,-105.80355,3.3
2006,Jackwhacker Gulch,935,39.57096,-105.80355,5.4
2007,Jackwhacker Gulch,935,39.57096,-105.80355,4.9
2008,Jackwhacker Gulch,935,39.57096,-105.80355,5
2009,Jackwhacker Gulch,935,39.57096,-105.80355,4.1
2010,Jackwhacker Gulch,935,39.57096,-105.80355,2.9
2011,Jackwhacker Gulch,935,39.57096,-105.80355,7
2012,Jackwhacker Gulch,935,39.57096,-105.80355,1.6
2013,Jackwhacker Gulch,935,39.57096,-105.80355,3
2014,Jackwhacker Gulch,935,39.57096,-105.80355,6
2015,Jackwhacker Gulch,935,39.57096,-105.80355,5.1
2016,Jackwhacker Gulch,935,39.57096,-105.80355,4.7
2017,Jackwhacker Gulch,935,39.57096,-105.80355,5.4
2018,Jackwhacker Gulch,935,39.57096,-105.80355,3.6
2019,Jackwhacker Gulch,935,39.57096,-105.80355,6.9
2020,Jackwhacker Gulch,935,39.57096,-105.80355,4.7
2021,Jackwhacker Gulch,935,39.57096,-105.80355,3.9
2022,Jackwhacker Gulch,935,39.57096,-105.80355,3.8
2023,Jackwhacker Gulch,935,39.57096,-105.80355,3.8
2024,Jackwhacker Gulch,935,39.57096,-105.80355,3.6
1980,Joe Wright,551,40.53285,-105.88747,10.2
1981,Joe Wright,551,40.53285,-105.88747,5.7
1982,Joe Wright,551,40.53285,-105.88747,10.6
1983,Joe Wright,551,40.53285,-105.88747,14.2
1984,Joe Wright,551,40.53285,-105.88747,12.7
1985,Joe Wright,551,40.53285,-105.88747,9.5
1986,Joe Wright,551,40.53285,-105.88747,13.2
1987,Joe Wright,551,40.53285,-105.88747,6.7
1988,Joe Wright,551,40.53285,-105.88747,9.4
1989,Joe Wright,551,40.53285,-105.88747,6.6
1990,Joe Wright,551,40.53285,-105.88747,10.2
1991,Joe Wright,551,40.53285,-105.88747,8
1992,Joe Wright,551,40.53285,-105.88747,7.2
1993,Joe Wright,551,40.53285,-105.88747,10.5
1994,Joe Wright,551,40.53285,-105.88747,7.4
1995,Joe Wright,551,40.53285,-105.88747,10.1
1996,Joe Wright,551,40.53285,-105.88747,12.6
1997,Joe Wright,551,40.53285,-105.88747,11.7
1998,Joe Wright,551,40.53285,-105.88747,8.2
1999,Joe Wright,551,40.53285,-105.88747,8.5
2000,Joe Wright,551,40.53285,-105.88747,8.2
2001,Joe Wright,551,40.53285,-105.88747,6.8
2002,Joe Wright,551,40.53285,-105.88747,5
2003,Joe Wright,551,40.53285,-105.88747,9.4
2004,Joe Wright,551,40.53285,-105.88747,6.2
2005,Joe Wright,551,40.53285,-105.88747,8.1
2006,Joe Wright,551,40.53285,-105.88747,8.7
2007,Joe Wright,551,40.53285,-105.88747,8.9
2008,Joe Wright,551,40.53285,-105.88747,10.3
2009,Joe Wright,551,40.53285,-105.88747,9.8
2010,Joe Wright,551,40.53285,-105.88747,8.7
2011,Joe Wright,551,40.53285,-105.88747,17.4
2012,Joe Wright,551,40.53285,-105.88747,4.4
2013,Joe Wright,551,40.53285,-105.88747,6.6
2014,Joe Wright,551,40.53285,-105.88747,10
2015,Joe Wright,551,40.53285,-105.88747,7.2
2016,Joe Wright,551,40.53285,-105.88747,7
2017,Joe Wright,551,40.53285,-105.88747,7.9
2018,Joe Wright,551,40.53285,-105.88747,6.9
2019,Joe Wright,551,40.53285,-105.88747,9.2
2020,Joe Wright,551,40.53285,-105.88747,8
2021,Joe Wright,551,40.53285,-105.88747,7.6
2022,Joe Wright,551,40.53285,-105.88747,8.9
2023,Joe Wright,551,40.53285,-105.88747,9.7
2024,Joe Wright,551,40.53285,-105.88747,7.5
1999,Jones Pass,970,39.7645,-105.90655,0.4
2000,Jones Pass,970,39.7645,-105.90655,4
2001,Jones Pass,970,39.7645,-105.90655,4.7
2002,Jones Pass,970,39.7645,-105.90655,3.6
2003,Jones Pass,970,39.7645,-105.90655,6.2
2004,Jones Pass,970,39.7645,-105.90655,4
2005,Jones Pass,970,39.7645,-105.90655,5
2006,Jones Pass,970,39.7645,-105.90655,7.6
2007,Jones Pass,970,39.7645,-105.90655,6.3
2008,Jones Pass,970,39.7645,-105.90655,7.5
2009,Jones Pass,970,39.7645,-105.90655,6.4
2010,Jones Pass,970,39.7645,-105.90655,4.5
2011,Jones Pass,970,39.7645,-105.90655,9.1
2012,Jones Pass,970,39.7645,-105.90655,2.6
2013,Jones Pass,970,39.7645,-105.90655,4.8
2014,Jones Pass,970,39.7645,-105.90655,7.1
2015,Jones Pass,970,39.7645,-105.90655,6.3
2016,Jones Pass,970,39.7645,-105.90655,6.6
2017,Jones Pass,970,39.7645,-105.90655,5.7
2018,Jones Pass,970,39.7645,-105.90655,4.3
2019,Jones Pass,970,39.7645,-105.90655,7.4
2020,Jones Pass,970,39.7645,-105.90655,6.1
2021,Jones Pass,970,39.7645,-105.90655,4.2
2022,Jones Pass,970,39.7645,-105.90655,4.4
2023,Jones Pass,970,39.7645,-105.90655,4.9
2024,Jones Pass,970,39.7645,-105.90655,5.1
1980,Kiln,556,39.3172,-106.61501,0.7
1981,Kiln,556,39.3172,-106.61501,1.8
1982,Kiln,556,39.3172,-106.61501,5.1
1983,Kiln,556,39.3172,-106.61501,4.4
1984,Kiln,556,39.3172,-106.61501,6.4
1985,Kiln,556,39.3172,-106.61501,4.2
1986,Kiln,556,39.3172,-106.61501,4.4
1987,Kiln,556,39.3172,-106.61501,2.7
1988,Kiln,556,39.3172,-106.61501,2.8
1989,Kiln,556,39.3172,-106.61501,2.5
1990,Kiln,556,39.3172,-106.61501,2.9
1991,Kiln,556,39.3172,-106.61501,3.8
1992,Kiln,556,39.3172,-106.61501,3.1
1993,Kiln,556,39.3172,-106.61501,5.2
1994,Kiln,556,39.3172,-106.61501,4.2
1995,Kiln,556,39.3172,-106.61501,5
1996,Kiln,556,39.3172,-106.61501,5.7
1997,Kiln,556,39.3172,-106.61501,5.6
1998,Kiln,556,39.3172,-106.61501,3.6
1999,Kiln,556,39.3172,-106.61501,3.3
2000,Kiln,556,39.3172,-106.61501,3.6
2001,Kiln,556,39.3172,-106.61501,3.1
2002,Kiln,556,39.3172,-106.61501,2.5
2003,Kiln,556,39.3172,-106.61501,3.4
2004,Kiln,556,39.3172,-106.61501,2.3
2005,Kiln,556,39.3172,-106.61501,3.4
2006,Kiln,556,39.3172,-106.61501,4.5
2007,Kiln,556,39.3172,-106.61501,3.1
2008,Kiln,556,39.3172,-106.61501,5.9
2009,Kiln,556,39.3172,-106.61501,3.9
2010,Kiln,556,39.3172,-106.61501,2.7
2011,Kiln,556,39.3172,-106.61501,5.4
2012,Kiln,556,39.3172,-106.61501,1.9
2013,Kiln,556,39.3172,-106.61501,2.6
2014,Kiln,556,39.3172,-106.61501,4.2
2015,Kiln,556,39.3172,-106.61501,2.5
2016,Kiln,556,39.3172,-106.61501,4
2017,Kiln,556,39.3172,-106.61501,4.2
2018,Kiln,556,39.3172,-106.61501,2.6
2019,Kiln,556,39.3172,-106.61501,4.9
2020,Kiln,556,39.3172,-106.61501,4.2
2021,Kiln,556,39.3172,-106.61501,2.9
2022,Kiln,556,39.3172,-106.61501,3.9
2023,Kiln,556,39.3172,-106.61501,4.2
2024,Kiln,556,39.3172,-106.61501,4.1
1980,Lake Eldora,564,39.93659,-105.59031,5.1
1981,Lake Eldora,564,39.93659,-105.59031,1
1982,Lake Eldora,564,39.93659,-105.59031,3.2
1983,Lake Eldora,564,39.93659,-105.59031,4.1
1984,Lake Eldora,564,39.93659,-105.59031,5.8
1985,Lake Eldora,564,39.93659,-105.59031,2.9
1986,Lake Eldora,564,39.93659,-105.59031,3.1
1987,Lake Eldora,564,39.93659,-105.59031,3
1988,Lake Eldora,564,39.93659,-105.59031,3.2
1989,Lake Eldora,564,39.93659,-105.59031,3.4
1990,Lake Eldora,564,39.93659,-105.59031,4.6
1991,Lake Eldora,564,39.93659,-105.59031,2.8
1992,Lake Eldora,564,39.93659,-105.59031,3.4
1993,Lake Eldora,564,39.93659,-105.59031,4
1994,Lake Eldora,564,39.93659,-105.59031,4
1995,Lake Eldora,564,39.93659,-105.59031,4.4
1996,Lake Eldora,564,39.93659,-105.59031,7.4
1997,Lake Eldora,564,39.93659,-105.59031,6.6
1998,Lake Eldora,564,39.93659,-105.59031,4.1
1999,Lake Eldora,564,39.93659,-105.59031,3.1
2000,Lake Eldora,564,39.93659,-105.59031,3
2001,Lake Eldora,564,39.93659,-105.59031,2.4
2002,Lake Eldora,564,39.93659,-105.59031,1.9
2003,Lake Eldora,564,39.93659,-105.59031,4
2004,Lake Eldora,564,39.93659,-105.59031,1.7
2005,Lake Eldora,564,39.93659,-105.59031,3.4
2006,Lake Eldora,564,39.93659,-105.59031,3.6
2007,Lake Eldora,564,39.93659,-105.59031,4
2008,Lake Eldora,564,39.93659,-105.59031,3.7
2009,Lake Eldora,564,39.93659,-105.59031,4.3
2010,Lake Eldora,564,39.93659,-105.59031,3.5
2011,Lake Eldora,564,39.93659,-105.59031,5.6
2012,Lake Eldora,564,39.93659,-105.59031,2.3
2013,Lake Eldora,564,39.93659,-105.59031,2.4
2014,Lake Eldora,564,39.93659,-105.59031,5.2
2015,Lake Eldora,564,39.93659,-105.59031,3.8
2016,Lake Eldora,564,39.93659,-105.59031,4.2
2017,Lake Eldora,564,39.93659,-105.59031,3.8
2018,Lake Eldora,564,39.93659,-105.59031,3.1
2019,Lake Eldora,564,39.93659,-105.59031,4
2020,Lake Eldora,564,39.93659,-105.59031,4.6
2021,Lake Eldora,564,39.93659,-105.59031,3.4
2022,Lake Eldora,564,39.93659,-105.59031,3.1
2023,Lake Eldora,564,39.93659,-105.59031,3.6
2024,Lake Eldora,564,39.93659,-105.59031,3.6
1980,Lake Irene,565,40.41446,-105.81941,13.9
1981,Lake Irene,565,40.41446,-105.81941,4.3
1982,Lake Irene,565,40.41446,-105.81941,13.9
1983,Lake Irene,565,40.41446,-105.81941,12.8
1984,Lake Irene,565,40.41446,-105.81941,13.3
1985,Lake Irene,565,40.41446,-105.81941,11.2
1986,Lake Irene,565,40.41446,-105.81941,15.1
1987,Lake Irene,565,40.41446,-105.81941,6.4
1988,Lake Irene,565,40.41446,-105.81941,10.9
1989,Lake Irene,565,40.41446,-105.81941,7.8
1990,Lake Irene,565,40.41446,-105.81941,8.5
1991,Lake Irene,565,40.41446,-105.81941,7
1992,Lake Irene,565,40.41446,-105.81941,7.2
1993,Lake Irene,565,40.41446,-105.81941,11.8
1994,Lake Irene,565,40.41446,-105.81941,8.2
1995,Lake Irene,565,40.41446,-105.81941,11.4
1996,Lake Irene,565,40.41446,-105.81941,13.3
1997,Lake Irene,565,40.41446,-105.81941,13
1998,Lake Irene,565,40.41446,-105.81941,7.7
1999,Lake Irene,565,40.41446,-105.81941,9.5
2000,Lake Irene,565,40.41446,-105.81941,7.6
2001,Lake Irene,565,40.41446,-105.81941,7.2
2002,Lake Irene,565,40.41446,-105.81941,5.6
2003,Lake Irene,565,40.41446,-105.81941,9.4
2004,Lake Irene,565,40.41446,-105.81941,5.8
2005,Lake Irene,565,40.41446,-105.81941,7.6
2006,Lake Irene,565,40.41446,-105.81941,9
2007,Lake Irene,565,40.41446,-105.81941,8.3
2008,Lake Irene,565,40.41446,-105.81941,9.3
2009,Lake Irene,565,40.41446,-105.81941,9.8
2010,Lake Irene,565,40.41446,-105.81941,8.3
2011,Lake Irene,565,40.41446,-105.81941,16.3
2012,Lake Irene,565,40.41446,-105.81941,5.1
2013,Lake Irene,565,40.41446,-105.81941,7
2014,Lake Irene,565,40.41446,-105.81941,11.8
2015,Lake Irene,565,40.41446,-105.81941,9
2016,Lake Irene,565,40.41446,-105.81941,8.5
2017,Lake Irene,565,40.41446,-105.81941,10.2
2018,Lake Irene,565,40.41446,-105.81941,6.8
2019,Lake Irene,565,40.41446,-105.81941,10.3
2020,Lake Irene,565,40.41446,-105.81941,9.1
2021,Lake Irene,565,40.41446,-105.81941,6.6
2022,Lake Irene,565,40.41446,-105.81941,8.7
2023,Lake Irene,565,40.41446,-105.81941,9.2
2024,Lake Irene,565,40.41446,-105.81941,7.9
1980,Lily Pond,580,37.38028,-106.54823,0.5
1981,Lily Pond,580,37.38028,-106.54823,1.8
1982,Lily Pond,580,37.38028,-106.54823,6.9
1983,Lily Pond,580,37.38028,-106.54823,5.7
1984,Lily Pond,580,37.38028,-106.54823,6.6
1985,Lily Pond,580,37.38028,-106.54823,9.1
1986,Lily Pond,580,37.38028,-106.54823,7
1987,Lily Pond,580,37.38028,-106.54823,5.3
1988,Lily Pond,580,37.38028,-106.54823,3.5
1989,Lily Pond,580,37.38028,-106.54823,6.1
1990,Lily Pond,580,37.38028,-106.54823,2.9
1991,Lily Pond,580,37.38028,-106.54823,6
1992,Lily Pond,580,37.38028,-106.54823,4.2
1993,Lily Pond,580,37.38028,-106.54823,8.4
1994,Lily Pond,580,37.38028,-106.54823,4.5
1995,Lily Pond,580,37.38028,-106.54823,7.9
1996,Lily Pond,580,37.38028,-106.54823,3
1997,Lily Pond,580,37.38028,-106.54823,7.2
1998,Lily Pond,580,37.38028,-106.54823,4.5
1999,Lily Pond,580,37.38028,-106.54823,4.1
2000,Lily Pond,580,37.38028,-106.54823,2.1
2001,Lily Pond,580,37.38028,-106.54823,4.6
2002,Lily Pond,580,37.38028,-106.54823,1.7
2003,Lily Pond,580,37.38028,-106.54823,2.7
2004,Lily Pond,580,37.38028,-106.54823,5.4
2005,Lily Pond,580,37.38028,-106.54823,6.7
2006,Lily Pond,580,37.38028,-106.54823,2.9
2007,Lily Pond,580,37.38028,-106.54823,3.5
2008,Lily Pond,580,37.38028,-106.54823,8.1
2009,Lily Pond,580,37.38028,-106.54823,5.7
2010,Lily Pond,580,37.38028,-106.54823,5.1
2011,Lily Pond,580,37.38028,-106.54823,3.5
2012,Lily Pond,580,37.38028,-106.54823,1.9
2013,Lily Pond,580,37.38028,-106.54823,2.4
2014,Lily Pond,580,37.38028,-106.54823,3.4
2015,Lily Pond,580,37.38028,-106.54823,2.2
2016,Lily Pond,580,37.38028,-106.54823,4.1
2017,Lily Pond,580,37.38028,-106.54823,4.6
2018,Lily Pond,580,37.38028,-106.54823,2.4
2019,Lily Pond,580,37.38028,-106.54823,5.9
2020,Lily Pond,580,37.38028,-106.54823,3.5
2021,Lily Pond,580,37.38028,-106.54823,3.9
2022,Lily Pond,580,37.38028,-106.54823,4
2023,Lily Pond,580,37.38028,-106.54823,5.4
2024,Lily Pond,580,37.38028,-106.54823,3.3
1980,Lizard Head Pass,586,37.79895,-107.92475,0.8
1981,Lizard Head Pass,586,37.79895,-107.92475,3.3
1982,Lizard Head Pass,586,37.79895,-107.92475,6.9
1983,Lizard Head Pass,586,37.79895,-107.92475,7.7
1984,Lizard Head Pass,586,37.79895,-107.92475,7.8
1985,Lizard Head Pass,586,37.79895,-107.92475,6.6
1986,Lizard Head Pass,586,37.79895,-107.92475,5.7
1987,Lizard Head Pass,586,37.79895,-107.92475,5.6
1988,Lizard Head Pass,586,37.79895,-107.92475,3.3
1989,Lizard Head Pass,586,37.79895,-107.92475,4.2
1990,Lizard Head Pass,586,37.79895,-107.92475,2.4
1991,Lizard Head Pass,586,37.79895,-107.92475,4.9
1992,Lizard Head Pass,586,37.79895,-107.92475,4.7
1993,Lizard Head Pass,586,37.79895,-107.92475,7.9
1994,Lizard Head Pass,586,37.79895,-107.92475,4
1995,Lizard Head Pass,586,37.79895,-107.92475,7.3
1996,Lizard Head Pass,586,37.79895,-107.92475,5.2
1997,Lizard Head Pass,586,37.79895,-107.92475,8.7
1998,Lizard Head Pass,586,37.79895,-107.92475,4.8
1999,Lizard Head Pass,586,37.79895,-107.92475,3.4
2000,Lizard Head Pass,586,37.79895,-107.92475,4.1
2001,Lizard Head Pass,586,37.79895,-107.92475,4.6
2002,Lizard Head Pass,586,37.79895,-107.92475,2.6
2003,Lizard Head Pass,586,37.79895,-107.92475,4.4
2004,Lizard Head Pass,586,37.79895,-107.92475,5.2
2005,Lizard Head Pass,586,37.79895,-107.92475,6.2
2006,Lizard Head Pass,586,37.79895,-107.92475,3.7
2007,Lizard Head Pass,586,37.79895,-107.92475,3.6
2008,Lizard Head Pass,586,37.79895,-107.92475,7.4
2009,Lizard Head Pass,586,37.79895,-107.92475,5.9
2010,Lizard Head Pass,586,37.79895,-107.92475,5.1
2011,Lizard Head Pass,586,37.79895,-107.92475,4.8
2012,Lizard Head Pass,586,37.79895,-107.92475,2.6
2013,Lizard Head Pass,586,37.79895,-107.92475,3
2014,Lizard Head Pass,586,37.79895,-107.92475,4.6
2015,Lizard Head Pass,586,37.79895,-107.92475,3.4
2016,Lizard Head Pass,586,37.79895,-107.92475,5.3
2017,Lizard Head Pass,586,37.79895,-107.92475,6.8
2018,Lizard Head Pass,586,37.79895,-107.92475,2.1
2019,Lizard Head Pass,586,37.79895,-107.92475,7.1
2020,Lizard Head Pass,586,37.79895,-107.92475,5
2021,Lizard Head Pass,586,37.79895,-107.92475,3.4
2022,Lizard Head Pass,586,37.79895,-107.92475,4
2023,Lizard Head Pass,586,37.79895,-107.92475,6.6
2024,Lizard Head Pass,586,37.79895,-107.92475,4.7
1980,Lone Cone,589,37.89169,-108.19636,0.9
1981,Lone Cone,589,37.89169,-108.19636,3
1982,Lone Cone,589,37.89169,-108.19636,6.7
1983,Lone Cone,589,37.89169,-108.19636,6.4
1984,Lone Cone,589,37.89169,-108.19636,5.2
1985,Lone Cone,589,37.89169,-108.19636,6.9
1986,Lone Cone,589,37.89169,-108.19636,5.9
1987,Lone Cone,589,37.89169,-108.19636,5.4
1988,Lone Cone,589,37.89169,-108.19636,3.4
1989,Lone Cone,589,37.89169,-108.19636,5
1990,Lone Cone,589,37.89169,-108.19636,1.6
1991,Lone Cone,589,37.89169,-108.19636,5.1
1992,Lone Cone,589,37.89169,-108.19636,4.9
1993,Lone Cone,589,37.89169,-108.19636,7.5
1994,Lone Cone,589,37.89169,-108.19636,5.3
1995,Lone Cone,589,37.89169,-108.19636,7.8
1996,Lone Cone,589,37.89169,-108.19636,4.3
1997,Lone Cone,589,37.89169,-108.19636,9.7
1998,Lone Cone,589,37.89169,-108.19636,5.3
1999,Lone Cone,589,37.89169,-108.19636,3.1
2000,Lone Cone,589,37.89169,-108.19636,3.3
2001,Lone Cone,589,37.89169,-108.19636,3.7
2002,Lone Cone,589,37.89169,-108.19636,2.9
2003,Lone Cone,589,37.89169,-108.19636,3.6
2004,Lone Cone,589,37.89169,-108.19636,4.4
2005,Lone Cone,589,37.89169,-108.19636,5.5
2006,Lone Cone,589,37.89169,-108.19636,3.3
2007,Lone Cone,589,37.89169,-108.19636,3.7
2008,Lone Cone,589,37.89169,-108.19636,5.8
2009,Lone Cone,589,37.89169,-108.19636,4.9
2010,Lone Cone,589,37.89169,-108.19636,5.2
2011,Lone Cone,589,37.89169,-108.19636,4.5
2012,Lone Cone,589,37.89169,-108.19636,3
2013,Lone Cone,589,37.89169,-108.19636,3.7
2014,Lone Cone,589,37.89169,-108.19636,3.8
2015,Lone Cone,589,37.89169,-108.19636,2.9
2016,Lone Cone,589,37.89169,-108.19636,5.2
2017,Lone Cone,589,37.89169,-108.19636,6.2
2018,Lone Cone,589,37.89169,-108.19636,1.9
2019,Lone Cone,589,37.89169,-108.19636,5.8
2020,Lone Cone,589,37.89169,-108.19636,3.5
2021,Lone Cone,589,37.89169,-108.19636,3.2
2022,Lone Cone,589,37.89169,-108.19636,4.4
2023,Lone Cone,589,37.89169,-108.19636,7
2024,Lone Cone,589,37.89169,-108.19636,3.6
2009,Long Draw Resv,1123,40.51154,-105.7654,2.1
2010,Long Draw Resv,1123,40.51154,-105.7654,5.5
2011,Long Draw Resv,1123,40.51154,-105.7654,10.5
2012,Long Draw Resv,1123,40.51154,-105.7654,3.1
2013,Long Draw Resv,1123,40.51154,-105.7654,5
2014,Long Draw Resv,1123,40.51154,-105.7654,8.4
2015,Long Draw Resv,1123,40.51154,-105.7654,5.3
2016,Long Draw Resv,1123,40.51154,-105.7654,6
2017,Long Draw Resv,1123,40.51154,-105.7654,7.6
2018,Long Draw Resv,1123,40.51154,-105.7654,6.2
2019,Long Draw Resv,1123,40.51154,-105.7654,7.1
2020,Long Draw Resv,1123,40.51154,-105.7654,6.7
2021,Long Draw Resv,1123,40.51154,-105.7654,5.7
2022,Long Draw Resv,1123,40.51154,-105.7654,6.6
2023,Long Draw Resv,1123,40.51154,-105.7654,6.2
2024,Long Draw Resv,1123,40.51154,-105.7654,5.7
1998,Lost Dog,940,40.81557,-106.74833,1.9
1999,Lost Dog,940,40.81557,-106.74833,8.4
2000,Lost Dog,940,40.81557,-106.74833,7.3
2001,Lost Dog,940,40.81557,-106.74833,6.7
2002,Lost Dog,940,40.81557,-106.74833,5.8
2003,Lost Dog,940,40.81557,-106.74833,7.7
2004,Lost Dog,940,40.81557,-106.74833,7.1
2005,Lost Dog,940,40.81557,-106.74833,8.8
2006,Lost Dog,940,40.81557,-106.74833,9.6
2007,Lost Dog,940,40.81557,-106.74833,6.3
2008,Lost Dog,940,40.81557,-106.74833,10.4
2009,Lost Dog,940,40.81557,-106.74833,9.6
2010,Lost Dog,940,40.81557,-106.74833,8.1
2011,Lost Dog,940,40.81557,-106.74833,15.7
2012,Lost Dog,940,40.81557,-106.74833,3.7
2013,Lost Dog,940,40.81557,-106.74833,6.4
2014,Lost Dog,940,40.81557,-106.74833,9.6
2015,Lost Dog,940,40.81557,-106.74833,5.5
2016,Lost Dog,940,40.81557,-106.74833,7.5
2017,Lost Dog,940,40.81557,-106.74833,9.6
2018,Lost Dog,940,40.81557,-106.74833,5.8
2019,Lost Dog,940,40.81557,-106.74833,8.8
2020,Lost Dog,940,40.81557,-106.74833,7.7
2021,Lost Dog,940,40.81557,-106.74833,6
2022,Lost Dog,940,40.81557,-106.74833,7.5
2023,Lost Dog,940,40.81557,-106.74833,10.7
2024,Lost Dog,940,40.81557,-106.74833,7.5
1992,Loveland Basin,602,39.67428,-105.90264,2.6
1993,Loveland Basin,602,39.67428,-105.90264,9.2
1994,Loveland Basin,602,39.67428,-105.90264,6.5
1995,Loveland Basin,602,39.67428,-105.90264,9.8
1996,Loveland Basin,602,39.67428,-105.90264,12.4
1997,Loveland Basin,602,39.67428,-105.90264,11.4
1998,Loveland Basin,602,39.67428,-105.90264,6.8
1999,Loveland Basin,602,39.67428,-105.90264,7.9
2000,Loveland Basin,602,39.67428,-105.90264,6.8
2001,Loveland Basin,602,39.67428,-105.90264,6.3
2002,Loveland Basin,602,39.67428,-105.90264,3.7
2003,Loveland Basin,602,39.67428,-105.90264,7
2004,Loveland Basin,602,39.67428,-105.90264,5.5
2005,Loveland Basin,602,39.67428,-105.90264,6.8
2006,Loveland Basin,602,39.67428,-105.90264,9.5
2007,Loveland Basin,602,39.67428,-105.90264,8
2008,Loveland Basin,602,39.67428,-105.90264,9.2
2009,Loveland Basin,602,39.67428,-105.90264,9.2
2010,Loveland Basin,602,39.67428,-105.90264,6.4
2011,Loveland Basin,602,39.67428,-105.90264,13.4
2012,Loveland Basin,602,39.67428,-105.90264,4.9
2013,Loveland Basin,602,39.67428,-105.90264,6.9
2014,Loveland Basin,602,39.67428,-105.90264,10.4
2015,Loveland Basin,602,39.67428,-105.90264,8.2
2016,Loveland Basin,602,39.67428,-105.90264,8.3
2017,Loveland Basin,602,39.67428,-105.90264,9.8
2018,Loveland Basin,602,39.67428,-105.90264,6.3
2019,Loveland Basin,602,39.67428,-105.90264,9.6
2020,Loveland Basin,602,39.67428,-105.90264,6.8
2021,Loveland Basin,602,39.67428,-105.90264,6.3
2022,Loveland Basin,602,39.67428,-105.90264,6.5
2023,Loveland Basin,602,39.67428,-105.90264,6.8
2024,Loveland Basin,602,39.67428,-105.90264,7.1
1980,Lynx Pass,607,40.07832,-106.67095,0.2
1981,Lynx Pass,607,40.07832,-106.67095,1.3
1982,Lynx Pass,607,40.07832,-106.67095,1.8
1983,Lynx Pass,607,40.07832,-106.67095,3.9
1984,Lynx Pass,607,40.07832,-106.67095,5.5
1985,Lynx Pass,607,40.07832,-106.67095,4.5
1986,Lynx Pass,607,40.07832,-106.67095,4.5
1987,Lynx Pass,607,40.07832,-106.67095,2.3
1988,Lynx Pass,607,40.07832,-106.67095,4
1989,Lynx Pass,607,40.07832,-106.67095,3.2
1990,Lynx Pass,607,40.07832,-106.67095,2.6
1991,Lynx Pass,607,40.07832,-106.67095,4
1992,Lynx Pass,607,40.07832,-106.67095,2.7
1993,Lynx Pass,607,40.07832,-106.67095,4.4
1994,Lynx Pass,607,40.07832,-106.67095,2.8
1995,Lynx Pass,607,40.07832,-106.67095,3.8
1996,Lynx Pass,607,40.07832,-106.67095,5.1
1997,Lynx Pass,607,40.07832,-106.67095,4.6
1998,Lynx Pass,607,40.07832,-106.67095,3.3
1999,Lynx Pass,607,40.07832,-106.67095,2.8
2000,Lynx Pass,607,40.07832,-106.67095,2.9
2001,Lynx Pass,607,40.07832,-106.67095,2.9
2002,Lynx Pass,607,40.07832,-106.67095,2.3
2003,Lynx Pass,607,40.07832,-106.67095,3.5
2004,Lynx Pass,607,40.07832,-106.67095,2.2
2005,Lynx Pass,607,40.07832,-106.67095,3.2
2006,Lynx Pass,607,40.07832,-106.67095,4.1
2007,Lynx Pass,607,40.07832,-106.67095,2.9
2008,Lynx Pass,607,40.07832,-106.67095,4.6
2009,Lynx Pass,607,40.07832,-106.67095,4
2010,Lynx Pass,607,40.07832,-106.67095,3
2011,Lynx Pass,607,40.07832,-106.67095,5.7
2012,Lynx Pass,607,40.07832,-106.67095,1.8
2013,Lynx Pass,607,40.07832,-106.67095,3.2
2014,Lynx Pass,607,40.07832,-106.67095,4
2015,Lynx Pass,607,40.07832,-106.67095,2.7
2016,Lynx Pass,607,40.07832,-106.67095,3.4
2017,Lynx Pass,607,40.07832,-106.67095,2.6
2018,Lynx Pass,607,40.07832,-106.67095,2.4
2019,Lynx Pass,607,40.07832,-106.67095,3.4
2020,Lynx Pass,607,40.07832,-106.67095,3.7
2021,Lynx Pass,607,40.07832,-106.67095,2.3
2022,Lynx Pass,607,40.07832,-106.67095,2.3
2023,Lynx Pass,607,40.07832,-106.67095,4
2024,Lynx Pass,607,40.07832,-106.67095,2.8
1994,Mancos,905,37.43109,-108.17005,1.4
1995,Mancos,905,37.43109,-108.17005,7.2
1996,Mancos,905,37.43109,-108.17005,3.7
1997,Mancos,905,37.43109,-108.17005,7.3
1998,Mancos,905,37.43109,-108.17005,5.3
1999,Mancos,905,37.43109,-108.17005,2.5
2000,Mancos,905,37.43109,-108.17005,3.8
2001,Mancos,905,37.43109,-108.17005,5.4
2002,Mancos,905,37.43109,-108.17005,2.3
2003,Mancos,905,37.43109,-108.17005,3.9
2004,Mancos,905,37.43109,-108.17005,3.9
2005,Mancos,905,37.43109,-108.17005,7.4
2006,Mancos,905,37.43109,-108.17005,2
2007,Mancos,905,37.43109,-108.17005,2.3
2008,Mancos,905,37.43109,-108.17005,7
2009,Mancos,905,37.43109,-108.17005,4.7
2010,Mancos,905,37.43109,-108.17005,6.2
2011,Mancos,905,37.43109,-108.17005,5.3
2012,Mancos,905,37.43109,-108.17005,2.6
2013,Mancos,905,37.43109,-108.17005,3.4
2014,Mancos,905,37.43109,-108.17005,2.2
2015,Mancos,905,37.43109,-108.17005,2
2016,Mancos,905,37.43109,-108.17005,5.3
2017,Mancos,905,37.43109,-108.17005,7.5
2018,Mancos,905,37.43109,-108.17005,1.4
2019,Mancos,905,37.43109,-108.17005,7
2020,Mancos,905,37.43109,-108.17005,3.6
2021,Mancos,905,37.43109,-108.17005,2.1
2022,Mancos,905,37.43109,-108.17005,3.6
2023,Mancos,905,37.43109,-108.17005,6.4
2024,Mancos,905,37.43109,-108.17005,3.7
1980,Mc Clure Pass,618,39.12899,-107.28834,0.7
1981,Mc Clure Pass,618,39.12899,-107.28834,2.6
1982,Mc Clure Pass,618,39.12899,-107.28834,5.9
1983,Mc Clure Pass,618,39.12899,-107.28834,7.7
1984,Mc Clure Pass,618,39.12899,-107.28834,9.2
1985,Mc Clure Pass,618,39.12899,-107.28834,7.7
1986,Mc Clure Pass,618,39.12899,-107.28834,5.5
1987,Mc Clure Pass,618,39.12899,-107.28834,3.5
1988,Mc Clure Pass,618,39.12899,-107.28834,4.3
1989,Mc Clure Pass,618,39.12899,-107.28834,4.7
1990,Mc Clure Pass,618,39.12899,-107.28834,2.6
1991,Mc Clure Pass,618,39.12899,-107.28834,5.3
1992,Mc Clure Pass,618,39.12899,-107.28834,4
1993,Mc Clure Pass,618,39.12899,-107.28834,8.8
1994,Mc Clure Pass,618,39.12899,-107.28834,4.8
1995,Mc Clure Pass,618,39.12899,-107.28834,8.7
1996,Mc Clure Pass,618,39.12899,-107.28834,5.1
1997,Mc Clure Pass,618,39.12899,-107.28834,8.4
1998,Mc Clure Pass,618,39.12899,-107.28834,6.6
1999,Mc Clure Pass,618,39.12899,-107.28834,3.5
2000,Mc Clure Pass,618,39.12899,-107.28834,3.9
2001,Mc Clure Pass,618,39.12899,-107.28834,4.1
2002,Mc Clure Pass,618,39.12899,-107.28834,3.4
2003,Mc Clure Pass,618,39.12899,-107.28834,4.8
2004,Mc Clure Pass,618,39.12899,-107.28834,4.2
2005,Mc Clure Pass,618,39.12899,-107.28834,7.7
2006,Mc Clure Pass,618,39.12899,-107.28834,5.5
2007,Mc Clure Pass,618,39.12899,-107.28834,4.1
2008,Mc Clure Pass,618,39.12899,-107.28834,7.9
2009,Mc Clure Pass,618,39.12899,-107.28834,6
2010,Mc Clure Pass,618,39.12899,-107.28834,4.9
2011,Mc Clure Pass,618,39.12899,-107.28834,7.5
2012,Mc Clure Pass,618,39.12899,-107.28834,2.8
2013,Mc Clure Pass,618,39.12899,-107.28834,4.2
2014,Mc Clure Pass,618,39.12899,-107.28834,5.1
2015,Mc Clure Pass,618,39.12899,-107.28834,2.8
2016,Mc Clure Pass,618,39.12899,-107.28834,4.7
2017,Mc Clure Pass,618,39.12899,-107.28834,4.4
2018,Mc Clure Pass,618,39.12899,-107.28834,2
2019,Mc Clure Pass,618,39.12899,-107.28834,5.6
2020,Mc Clure Pass,618,39.12899,-107.28834,4.4
2021,Mc Clure Pass,618,39.12899,-107.28834,3
2022,Mc Clure Pass,618,39.12899,-107.28834,4.3
2023,Mc Clure Pass,618,39.12899,-107.28834,8.3
2024,Mc Clure Pass,618,39.12899,-107.28834,3.8
2002,Mccoy Park,1040,39.60231,-106.544,4.9
2003,Mccoy Park,1040,39.60231,-106.544,4.4
2004,Mccoy Park,1040,39.60231,-106.544,3.4
2005,Mccoy Park,1040,39.60231,-106.544,4.7
2006,Mccoy Park,1040,39.60231,-106.544,4.5
2007,Mccoy Park,1040,39.60231,-106.544,3.7
2008,Mccoy Park,1040,39.60231,-106.544,5.3
2009,Mccoy Park,1040,39.60231,-106.544,5.4
2010,Mccoy Park,1040,39.60231,-106.544,3.5
2011,Mccoy Park,1040,39.60231,-106.544,6.1
2012,Mccoy Park,1040,39.60231,-106.544,1.8
2013,Mccoy Park,1040,39.60231,-106.544,3.5
2014,Mccoy Park,1040,39.60231,-106.544,4.8
2015,Mccoy Park,1040,39.60231,-106.544,3.4
2016,Mccoy Park,1040,39.60231,-106.544,4.6
2017,Mccoy Park,1040,39.60231,-106.544,3.7
2018,Mccoy Park,1040,39.60231,-106.544,2.4
2019,Mccoy Park,1040,39.60231,-106.544,5.3
2020,Mccoy Park,1040,39.60231,-106.544,4.3
2021,Mccoy Park,1040,39.60231,-106.544,2.4
2022,Mccoy Park,1040,39.60231,-106.544,4.7
2023,Mccoy Park,1040,39.60231,-106.544,5.9
2024,Mccoy Park,1040,39.60231,-106.544,4.7
1995,Medano Pass,914,37.85192,-105.43666,0
1996,Medano Pass,914,37.85192,-105.43666,1.3
1997,Medano Pass,914,37.85192,-105.43666,2.4
1998,Medano Pass,914,37.85192,-105.43666,2.5
1999,Medano Pass,914,37.85192,-105.43666,0.7
2000,Medano Pass,914,37.85192,-105.43666,1.2
2001,Medano Pass,914,37.85192,-105.43666,1.8
2002,Medano Pass,914,37.85192,-105.43666,1
2003,Medano Pass,914,37.85192,-105.43666,1.4
2004,Medano Pass,914,37.85192,-105.43666,1.3
2005,Medano Pass,914,37.85192,-105.43666,2.4
2006,Medano Pass,914,37.85192,-105.43666,0.5
2007,Medano Pass,914,37.85192,-105.43666,1.5
2008,Medano Pass,914,37.85192,-105.43666,2.8
2009,Medano Pass,914,37.85192,-105.43666,1.6
2010,Medano Pass,914,37.85192,-105.43666,1.5
2011,Medano Pass,914,37.85192,-105.43666,1.1
2012,Medano Pass,914,37.85192,-105.43666,1.6
2013,Medano Pass,914,37.85192,-105.43666,1.3
2014,Medano Pass,914,37.85192,-105.43666,1
2015,Medano Pass,914,37.85192,-105.43666,1.4
2016,Medano Pass,914,37.85192,-105.43666,1.5
2017,Medano Pass,914,37.85192,-105.43666,1.6
2018,Medano Pass,914,37.85192,-105.43666,0.5
2019,Medano Pass,914,37.85192,-105.43666,2.4
2020,Medano Pass,914,37.85192,-105.43666,2.1
2021,Medano Pass,914,37.85192,-105.43666,1.8
2022,Medano Pass,914,37.85192,-105.43666,1.5
2023,Medano Pass,914,37.85192,-105.43666,1
2024,Medano Pass,914,37.85192,-105.43666,1.2
1986,Mesa Lakes,622,39.05738,-108.05756,5.8
1987,Mesa Lakes,622,39.05738,-108.05756,6
1988,Mesa Lakes,622,39.05738,-108.05756,4.9
1989,Mesa Lakes,622,39.05738,-108.05756,5
1990,Mesa Lakes,622,39.05738,-108.05756,3.4
1991,Mesa Lakes,622,39.05738,-108.05756,6.5
1992,Mesa Lakes,622,39.05738,-108.05756,6.4
1993,Mesa Lakes,622,39.05738,-108.05756,10.5
1994,Mesa Lakes,622,39.05738,-108.05756,6.4
1995,Mesa Lakes,622,39.05738,-108.05756,10.4
1996,Mesa Lakes,622,39.05738,-108.05756,6.8
1997,Mesa Lakes,622,39.05738,-108.05756,8
1998,Mesa Lakes,622,39.05738,-108.05756,6.4
1999,Mesa Lakes,622,39.05738,-108.05756,4.2
2000,Mesa Lakes,622,39.05738,-108.05756,3.6
2001,Mesa Lakes,622,39.05738,-108.05756,3.9
2002,Mesa Lakes,622,39.05738,-108.05756,2.6
2003,Mesa Lakes,622,39.05738,-108.05756,5.1
2004,Mesa Lakes,622,39.05738,-108.05756,6.9
2005,Mesa Lakes,622,39.05738,-108.05756,9.9
2006,Mesa Lakes,622,39.05738,-108.05756,5.1
2007,Mesa Lakes,622,39.05738,-108.05756,3.9
2008,Mesa Lakes,622,39.05738,-108.05756,7.1
2009,Mesa Lakes,622,39.05738,-108.05756,5.3
2010,Mesa Lakes,622,39.05738,-108.05756,4.8
2011,Mesa Lakes,622,39.05738,-108.05756,9
2012,Mesa Lakes,622,39.05738,-108.05756,3.3
2013,Mesa Lakes,622,39.05738,-108.05756,4.9
2014,Mesa Lakes,622,39.05738,-108.05756,4.5
2015,Mesa Lakes,622,39.05738,-108.05756,4
2016,Mesa Lakes,622,39.05738,-108.05756,6.4
2017,Mesa Lakes,622,39.05738,-108.05756,6.3
2018,Mesa Lakes,622,39.05738,-108.05756,2.5
2019,Mesa Lakes,622,39.05738,-108.05756,8.5
2020,Mesa Lakes,622,39.05738,-108.05756,3.7
2021,Mesa Lakes,622,39.05738,-108.05756,3.6
2022,Mesa Lakes,622,39.05738,-108.05756,5.7
2023,Mesa Lakes,622,39.05738,-108.05756,7.4
2024,Mesa Lakes,622,39.05738,-108.05756,4.7
1998,Michigan Creek,937,39.43579,-105.91072,1.2
1999,Michigan Creek,937,39.43579,-105.91072,4.7
2000,Michigan Creek,937,39.43579,-105.91072,3.6
2001,Michigan Creek,937,39.43579,-105.91072,3.4
2002,Michigan Creek,937,39.43579,-105.91072,2.1
2003,Michigan Creek,937,39.43579,-105.91072,3.8
2004,Michigan Creek,937,39.43579,-105.91072,2.6
2005,Michigan Creek,937,39.43579,-105.91072,3.8
2006,Michigan Creek,937,39.43579,-105.91072,5.7
2007,Michigan Creek,937,39.43579,-105.91072,4.5
2008,Michigan Creek,937,39.43579,-105.91072,4.6
2009,Michigan Creek,937,39.43579,-105.91072,3.7
2010,Michigan Creek,937,39.43579,-105.91072,3.4
2011,Michigan Creek,937,39.43579,-105.91072,6
2012,Michigan Creek,937,39.43579,-105.91072,1.8
2013,Michigan Creek,937,39.43579,-105.91072,2.9
2014,Michigan Creek,937,39.43579,-105.91072,4.6
2015,Michigan Creek,937,39.43579,-105.91072,4.2
2016,Michigan Creek,937,39.43579,-105.91072,4
2017,Michigan Creek,937,39.43579,-105.91072,2.9
2018,Michigan Creek,937,39.43579,-105.91072,2.5
2019,Michigan Creek,937,39.43579,-105.91072,5.6
2020,Michigan Creek,937,39.43579,-105.91072,4.1
2021,Michigan Creek,937,39.43579,-105.91072,3.4
2022,Michigan Creek,937,39.43579,-105.91072,2.8
2023,Michigan Creek,937,39.43579,-105.91072,2.9
2024,Michigan Creek,937,39.43579,-105.91072,3.8
1980,Middle Creek,624,37.61779,-107.03932,2.2
1981,Middle Creek,624,37.61779,-107.03932,5.4
1982,Middle Creek,624,37.61779,-107.03932,8.7
1983,Middle Creek,624,37.61779,-107.03932,6.9
1984,Middle Creek,624,37.61779,-107.03932,7.5
1985,Middle Creek,624,37.61779,-107.03932,12.5
1986,Middle Creek,624,37.61779,-107.03932,13.4
1987,Middle Creek,624,37.61779,-107.03932,11.7
1988,Middle Creek,624,37.61779,-107.03932,4.8
1989,Middle Creek,624,37.61779,-107.03932,5.7
1990,Middle Creek,624,37.61779,-107.03932,4.6
1991,Middle Creek,624,37.61779,-107.03932,7
1992,Middle Creek,624,37.61779,-107.03932,6.4
1993,Middle Creek,624,37.61779,-107.03932,9
1994,Middle Creek,624,37.61779,-107.03932,5.4
1995,Middle Creek,624,37.61779,-107.03932,9.5
1996,Middle Creek,624,37.61779,-107.03932,4.6
1997,Middle Creek,624,37.61779,-107.03932,10.7
1998,Middle Creek,624,37.61779,-107.03932,7
1999,Middle Creek,624,37.61779,-107.03932,8.5
2000,Middle Creek,624,37.61779,-107.03932,4.1
2001,Middle Creek,624,37.61779,-107.03932,9.2
2002,Middle Creek,624,37.61779,-107.03932,2.2
2003,Middle Creek,624,37.61779,-107.03932,4.6
2004,Middle Creek,624,37.61779,-107.03932,8.2
2005,Middle Creek,624,37.61779,-107.03932,9.5
2006,Middle Creek,624,37.61779,-107.03932,4.2
2007,Middle Creek,624,37.61779,-107.03932,6.4
2008,Middle Creek,624,37.61779,-107.03932,9
2009,Middle Creek,624,37.61779,-107.03932,7.1
2010,Middle Creek,624,37.61779,-107.03932,6.5
2011,Middle Creek,624,37.61779,-107.03932,6.6
2012,Middle Creek,624,37.61779,-107.03932,4.8
2013,Middle Creek,624,37.61779,-107.03932,5.6
2014,Middle Creek,624,37.61779,-107.03932,6.3
2015,Middle Creek,624,37.61779,-107.03932,4.6
2016,Middle Creek,624,37.61779,-107.03932,6.4
2017,Middle Creek,624,37.61779,-107.03932,7.6
2018,Middle Creek,624,37.61779,-107.03932,3.5
2019,Middle Creek,624,37.61779,-107.03932,9.8
2020,Middle Creek,624,37.61779,-107.03932,6.3
2021,Middle Creek,624,37.61779,-107.03932,6.5
2022,Middle Creek,624,37.61779,-107.03932,6.1
2023,Middle Creek,624,37.61779,-107.03932,8.4
2024,Middle Creek,624,37.61779,-107.03932,5.4
2001,Middle Fork Camp,1014,39.79565,-106.02802,0.8
2002,Middle Fork Camp,1014,39.79565,-106.02802,2.5
2003,Middle Fork Camp,1014,39.79565,-106.02802,4
2004,Middle Fork Camp,1014,39.79565,-106.02802,2.3
2005,Middle Fork Camp,1014,39.79565,-106.02802,2.9
2006,Middle Fork Camp,1014,39.79565,-106.02802,4.5
2007,Middle Fork Camp,1014,39.79565,-106.02802,3.6
2008,Middle Fork Camp,1014,39.79565,-106.02802,4.6
2009,Middle Fork Camp,1014,39.79565,-106.02802,4.1
2010,Middle Fork Camp,1014,39.79565,-106.02802,2.5
2011,Middle Fork Camp,1014,39.79565,-106.02802,4.9
2012,Middle Fork Camp,1014,39.79565,-106.02802,1.6
2013,Middle Fork Camp,1014,39.79565,-106.02802,2.8
2014,Middle Fork Camp,1014,39.79565,-106.02802,4
2015,Middle Fork Camp,1014,39.79565,-106.02802,3
2016,Middle Fork Camp,1014,39.79565,-106.02802,4.4
2017,Middle Fork Camp,1014,39.79565,-106.02802,3.1
2018,Middle Fork Camp,1014,39.79565,-106.02802,2.2
2019,Middle Fork Camp,1014,39.79565,-106.02802,3.3
2020,Middle Fork Camp,1014,39.79565,-106.02802,3.4
2021,Middle Fork Camp,1014,39.79565,-106.02802,2.3
2022,Middle Fork Camp,1014,39.79565,-106.02802,2.7
2023,Middle Fork Camp,1014,39.79565,-106.02802,3.6
2024,Middle Fork Camp,1014,39.79565,-106.02802,3.6
1980,Mineral Creek,629,37.84737,-107.72657,7.1
1981,Mineral Creek,629,37.84737,-107.72657,2.3
1982,Mineral Creek,629,37.84737,-107.72657,5.8
1983,Mineral Creek,629,37.84737,-107.72657,6.2
1984,Mineral Creek,629,37.84737,-107.72657,7.2
1985,Mineral Creek,629,37.84737,-107.72657,6
1986,Mineral Creek,629,37.84737,-107.72657,5.2
1987,Mineral Creek,629,37.84737,-107.72657,5.2
1988,Mineral Creek,629,37.84737,-107.72657,3.6
1989,Mineral Creek,629,37.84737,-107.72657,4.4
1990,Mineral Creek,629,37.84737,-107.72657,2.3
1991,Mineral Creek,629,37.84737,-107.72657,4.3
1992,Mineral Creek,629,37.84737,-107.72657,3.9
1993,Mineral Creek,629,37.84737,-107.72657,6.8
1994,Mineral Creek,629,37.84737,-107.72657,4.2
1995,Mineral Creek,629,37.84737,-107.72657,8
1996,Mineral Creek,629,37.84737,-107.72657,5.3
1997,Mineral Creek,629,37.84737,-107.72657,7.4
1998,Mineral Creek,629,37.84737,-107.72657,4.6
1999,Mineral Creek,629,37.84737,-107.72657,4
2000,Mineral Creek,629,37.84737,-107.72657,3.4
2001,Mineral Creek,629,37.84737,-107.72657,4.5
2002,Mineral Creek,629,37.84737,-107.72657,2.7
2003,Mineral Creek,629,37.84737,-107.72657,3.9
2004,Mineral Creek,629,37.84737,-107.72657,5.4
2005,Mineral Creek,629,37.84737,-107.72657,6.6
2006,Mineral Creek,629,37.84737,-107.72657,3.9
2007,Mineral Creek,629,37.84737,-107.72657,4.1
2008,Mineral Creek,629,37.84737,-107.72657,6.6
2009,Mineral Creek,629,37.84737,-107.72657,4.9
2010,Mineral Creek,629,37.84737,-107.72657,4.3
2011,Mineral Creek,629,37.84737,-107.72657,5.6
2012,Mineral Creek,629,37.84737,-107.72657,2.7
2013,Mineral Creek,629,37.84737,-107.72657,3.2
2014,Mineral Creek,629,37.84737,-107.72657,5.2
2015,Mineral Creek,629,37.84737,-107.72657,3.6
2016,Mineral Creek,629,37.84737,-107.72657,4.9
2017,Mineral Creek,629,37.84737,-107.72657,5.8
2018,Mineral Creek,629,37.84737,-107.72657,2.1
2019,Mineral Creek,629,37.84737,-107.72657,7.5
2020,Mineral Creek,629,37.84737,-107.72657,4.8
2021,Mineral Creek,629,37.84737,-107.72657,4.1
2022,Mineral Creek,629,37.84737,-107.72657,3.1
2023,Mineral Creek,629,37.84737,-107.72657,5.5
2024,Mineral Creek,629,37.84737,-107.72657,3.9
1986,Molas Lake,632,37.74929,-107.68933,2.7
1987,Molas Lake,632,37.74929,-107.68933,7.4
1988,Molas Lake,632,37.74929,-107.68933,5.3
1989,Molas Lake,632,37.74929,-107.68933,7.2
1990,Molas Lake,632,37.74929,-107.68933,3.8
1991,Molas Lake,632,37.74929,-107.68933,7.1
1992,Molas Lake,632,37.74929,-107.68933,4.4
1993,Molas Lake,632,37.74929,-107.68933,10.3
1994,Molas Lake,632,37.74929,-107.68933,6.4
1995,Molas Lake,632,37.74929,-107.68933,12
1996,Molas Lake,632,37.74929,-107.68933,6.4
1997,Molas Lake,632,37.74929,-107.68933,10
1998,Molas Lake,632,37.74929,-107.68933,6.6
1999,Molas Lake,632,37.74929,-107.68933,7.1
2000,Molas Lake,632,37.74929,-107.68933,4.3
2001,Molas Lake,632,37.74929,-107.68933,6
2002,Molas Lake,632,37.74929,-107.68933,3.2
2003,Molas Lake,632,37.74929,-107.68933,4.9
2004,Molas Lake,632,37.74929,-107.68933,7.3
2005,Molas Lake,632,37.74929,-107.68933,9.1
2006,Molas Lake,632,37.74929,-107.68933,4.9
2007,Molas Lake,632,37.74929,-107.68933,4.5
2008,Molas Lake,632,37.74929,-107.68933,9.5
2009,Molas Lake,632,37.74929,-107.68933,8
2010,Molas Lake,632,37.74929,-107.68933,5.7
2011,Molas Lake,632,37.74929,-107.68933,8.3
2012,Molas Lake,632,37.74929,-107.68933,3.2
2013,Molas Lake,632,37.74929,-107.68933,3.9
2014,Molas Lake,632,37.74929,-107.68933,7
2015,Molas Lake,632,37.74929,-107.68933,4.1
2016,Molas Lake,632,37.74929,-107.68933,5.4
2017,Molas Lake,632,37.74929,-107.68933,8.6
2018,Molas Lake,632,37.74929,-107.68933,2.6
2019,Molas Lake,632,37.74929,-107.68933,9.2
2020,Molas Lake,632,37.74929,-107.68933,5.4
2021,Molas Lake,632,37.74929,-107.68933,4.2
2022,Molas Lake,632,37.74929,-107.68933,6.1
2023,Molas Lake,632,37.74929,-107.68933,7.8
2024,Molas Lake,632,37.74929,-107.68933,4.4
2008,Moon Pass,1124,37.96627,-106.55857,0.1
2009,Moon Pass,1124,37.96627,-106.55857,2.2
2010,Moon Pass,1124,37.96627,-106.55857,2
2011,Moon Pass,1124,37.96627,-106.55857,1.6
2012,Moon Pass,1124,37.96627,-106.55857,1.3
2013,Moon Pass,1124,37.96627,-106.55857,1.6
2014,Moon Pass,1124,37.96627,-106.55857,1.8
2015,Moon Pass,1124,37.96627,-106.55857,1.6
2016,Moon Pass,1124,37.96627,-106.55857,2.6
2017,Moon Pass,1124,37.96627,-106.55857,2.1
2018,Moon Pass,1124,37.96627,-106.55857,0.9
2019,Moon Pass,1124,37.96627,-106.55857,2.9
2020,Moon Pass,1124,37.96627,-106.55857,1.8
2021,Moon Pass,1124,37.96627,-106.55857,2.4
2022,Moon Pass,1124,37.96627,-106.55857,1.1
2023,Moon Pass,1124,37.96627,-106.55857,1.2
2024,Moon Pass,1124,37.96627,-106.55857,1.8
1985,Nast Lake,658,39.29695,-106.60786,1.1
1986,Nast Lake,658,39.29695,-106.60786,2.4
1987,Nast Lake,658,39.29695,-106.60786,1.6
1988,Nast Lake,658,39.29695,-106.60786,1.7
1989,Nast Lake,658,39.29695,-106.60786,1.7
1990,Nast Lake,658,39.29695,-106.60786,1.7
1991,Nast Lake,658,39.29695,-106.60786,2.7
1992,Nast Lake,658,39.29695,-106.60786,1.5
1993,Nast Lake,658,39.29695,-106.60786,3.3
1994,Nast Lake,658,39.29695,-106.60786,2.1
1995,Nast Lake,658,39.29695,-106.60786,3
1996,Nast Lake,658,39.29695,-106.60786,3.7
1997,Nast Lake,658,39.29695,-106.60786,3.5
1998,Nast Lake,658,39.29695,-106.60786,1.7
1999,Nast Lake,658,39.29695,-106.60786,1.2
2000,Nast Lake,658,39.29695,-106.60786,1.9
2001,Nast Lake,658,39.29695,-106.60786,1.6
2002,Nast Lake,658,39.29695,-106.60786,1.5
2003,Nast Lake,658,39.29695,-106.60786,1.8
2004,Nast Lake,658,39.29695,-106.60786,1.5
2005,Nast Lake,658,39.29695,-106.60786,1.6
2006,Nast Lake,658,39.29695,-106.60786,2.5
2007,Nast Lake,658,39.29695,-106.60786,1.5
2008,Nast Lake,658,39.29695,-106.60786,3.7
2009,Nast Lake,658,39.29695,-106.60786,2.4
2010,Nast Lake,658,39.29695,-106.60786,1.3
2011,Nast Lake,658,39.29695,-106.60786,3.4
2012,Nast Lake,658,39.29695,-106.60786,0.8
2013,Nast Lake,658,39.29695,-106.60786,1
2014,Nast Lake,658,39.29695,-106.60786,2.3
2015,Nast Lake,658,39.29695,-106.60786,1.6
2016,Nast Lake,658,39.29695,-106.60786,2.3
2017,Nast Lake,658,39.29695,-106.60786,2.9
2018,Nast Lake,658,39.29695,-106.60786,1.8
2019,Nast Lake,658,39.29695,-106.60786,3.1
2020,Nast Lake,658,39.29695,-106.60786,3.1
2021,Nast Lake,658,39.29695,-106.60786,2.1
2022,Nast Lake,658,39.29695,-106.60786,2.7
2023,Nast Lake,658,39.29695,-106.60786,3.1
2024,Nast Lake,658,39.29695,-106.60786,3
2002,Never Summer,1031,40.40392,-105.95567,3.3
2003,Never Summer,1031,40.40392,-105.95567,8.9
2004,Never Summer,1031,40.40392,-105.95567,7
2005,Never Summer,1031,40.40392,-105.95567,8.8
2006,Never Summer,1031,40.40392,-105.95567,8.1
2007,Never Summer,1031,40.40392,-105.95567,8
2008,Never Summer,1031,40.40392,-105.95567,9.2
2009,Never Summer,1031,40.40392,-105.95567,8.6
2010,Never Summer,1031,40.40392,-105.95567,8.3
2011,Never Summer,1031,40.40392,-105.95567,17.4
2012,Never Summer,1031,40.40392,-105.95567,4.9
2013,Never Summer,1031,40.40392,-105.95567,6.8
2014,Never Summer,1031,40.40392,-105.95567,10.6
2015,Never Summer,1031,40.40392,-105.95567,7.3
2016,Never Summer,1031,40.40392,-105.95567,8.1
2017,Never Summer,1031,40.40392,-105.95567,10.3
2018,Never Summer,1031,40.40392,-105.95567,7.6
2019,Never Summer,1031,40.40392,-105.95567,9.9
2020,Never Summer,1031,40.40392,-105.95567,7.9
2021,Never Summer,1031,40.40392,-105.95567,6.9
2022,Never Summer,1031,40.40392,-105.95567,9.6
2023,Never Summer,1031,40.40392,-105.95567,10.5
2024,Never Summer,1031,40.40392,-105.95567,8.2
1980,Niwot,663,40.03581,-105.5452,0.7
1981,Niwot,663,40.03581,-105.5452,1.4
1982,Niwot,663,40.03581,-105.5452,5
1983,Niwot,663,40.03581,-105.5452,5.6
1984,Niwot,663,40.03581,-105.5452,6.3
1985,Niwot,663,40.03581,-105.5452,3.7
1986,Niwot,663,40.03581,-105.5452,4.8
1987,Niwot,663,40.03581,-105.5452,3.6
1988,Niwot,663,40.03581,-105.5452,4.3
1989,Niwot,663,40.03581,-105.5452,3.1
1990,Niwot,663,40.03581,-105.5452,4.6
1991,Niwot,663,40.03581,-105.5452,3.1
1992,Niwot,663,40.03581,-105.5452,3.4
1993,Niwot,663,40.03581,-105.5452,4.5
1994,Niwot,663,40.03581,-105.5452,4.8
1995,Niwot,663,40.03581,-105.5452,5.1
1996,Niwot,663,40.03581,-105.5452,7.4
1997,Niwot,663,40.03581,-105.5452,6.6
1998,Niwot,663,40.03581,-105.5452,4.3
1999,Niwot,663,40.03581,-105.5452,3.4
2000,Niwot,663,40.03581,-105.5452,3.6
2001,Niwot,663,40.03581,-105.5452,2.8
2002,Niwot,663,40.03581,-105.5452,2
2003,Niwot,663,40.03581,-105.5452,4
2004,Niwot,663,40.03581,-105.5452,3.2
2005,Niwot,663,40.03581,-105.5452,4.1
2006,Niwot,663,40.03581,-105.5452,4.3
2007,Niwot,663,40.03581,-105.5452,5.5
2008,Niwot,663,40.03581,-105.5452,4.1
2009,Niwot,663,40.03581,-105.5452,4
2010,Niwot,663,40.03581,-105.5452,3.9
2011,Niwot,663,40.03581,-105.5452,6
2012,Niwot,663,40.03581,-105.5452,2.9
2013,Niwot,663,40.03581,-105.5452,3.6
2014,Niwot,663,40.03581,-105.5452,5.6
2015,Niwot,663,40.03581,-105.5452,4.7
2016,Niwot,663,40.03581,-105.5452,4.9
2017,Niwot,663,40.03581,-105.5452,5.1
2018,Niwot,663,40.03581,-105.5452,3.6
2019,Niwot,663,40.03581,-105.5452,5
2020,Niwot,663,40.03581,-105.5452,5.2
2021,Niwot,663,40.03581,-105.5452,4.1
2022,Niwot,663,40.03581,-105.5452,4.1
2023,Niwot,663,40.03581,-105.5452,4.5
2024,Niwot,663,40.03581,-105.5452,4.4
1980,North Costilla,665,36.99396,-105.25988,1.8
1981,North Costilla,665,36.99396,-105.25988,0.2
1982,North Costilla,665,36.99396,-105.25988,0.8
1983,North Costilla,665,36.99396,-105.25988,2.4
1984,North Costilla,665,36.99396,-105.25988,2.1
1985,North Costilla,665,36.99396,-105.25988,1.2
1986,North Costilla,665,36.99396,-105.25988,0.4
1987,North Costilla,665,36.99396,-105.25988,2.3
1988,North Costilla,665,36.99396,-105.25988,1.1
1989,North Costilla,665,36.99396,-105.25988,1.7
1990,North Costilla,665,36.99396,-105.25988,1.4
1991,North Costilla,665,36.99396,-105.25988,1.5
1992,North Costilla,665,36.99396,-105.25988,2.9
1993,North Costilla,665,36.99396,-105.25988,3.2
1994,North Costilla,665,36.99396,-105.25988,3.5
1995,North Costilla,665,36.99396,-105.25988,3.1
1996,North Costilla,665,36.99396,-105.25988,1.4
1997,North Costilla,665,36.99396,-105.25988,2.2
1998,North Costilla,665,36.99396,-105.25988,2.3
1999,North Costilla,665,36.99396,-105.25988,0.8
2000,North Costilla,665,36.99396,-105.25988,1.3
2001,North Costilla,665,36.99396,-105.25988,2.1
2002,North Costilla,665,36.99396,-105.25988,0.9
2003,North Costilla,665,36.99396,-105.25988,2.2
2004,North Costilla,665,36.99396,-105.25988,1.4
2005,North Costilla,665,36.99396,-105.25988,3.4
2006,North Costilla,665,36.99396,-105.25988,0.9
2007,North Costilla,665,36.99396,-105.25988,1.9
2008,North Costilla,665,36.99396,-105.25988,2.6
2009,North Costilla,665,36.99396,-105.25988,2.1
2010,North Costilla,665,36.99396,-105.25988,2.6
2011,North Costilla,665,36.99396,-105.25988,1
2012,North Costilla,665,36.99396,-105.25988,0.6
2013,North Costilla,665,36.99396,-105.25988,1.2
2014,North Costilla,665,36.99396,-105.25988,0.3
2015,North Costilla,665,36.99396,-105.25988,1.7
2016,North Costilla,665,36.99396,-105.25988,1.4
2017,North Costilla,665,36.99396,-105.25988,1.8
2018,North Costilla,665,36.99396,-105.25988,0.4
2019,North Costilla,665,36.99396,-105.25988,2.8
2020,North Costilla,665,36.99396,-105.25988,2.2
2021,North Costilla,665,36.99396,-105.25988,1.5
2022,North Costilla,665,36.99396,-105.25988,0.7
2023,North Costilla,665,36.99396,-105.25988,1.1
2024,North Costilla,665,36.99396,-105.25988,1
1985,North Lost Trail,669,39.07818,-107.14388,2.9
1986,North Lost Trail,669,39.07818,-107.14388,6.6
1987,North Lost Trail,669,39.07818,-107.14388,3.6
1988,North Lost Trail,669,39.07818,-107.14388,4.4
1989,North Lost Trail,669,39.07818,-107.14388,5.1
1990,North Lost Trail,669,39.07818,-107.14388,2.8
1991,North Lost Trail,669,39.07818,-107.14388,5.3
1992,North Lost Trail,669,39.07818,-107.14388,3.9
1993,North Lost Trail,669,39.07818,-107.14388,8.3
1994,North Lost Trail,669,39.07818,-107.14388,5
1995,North Lost Trail,669,39.07818,-107.14388,8.4
1996,North Lost Trail,669,39.07818,-107.14388,5.7
1997,North Lost Trail,669,39.07818,-107.14388,7.8
1998,North Lost Trail,669,39.07818,-107.14388,5.8
1999,North Lost Trail,669,39.07818,-107.14388,3.3
2000,North Lost Trail,669,39.07818,-107.14388,4
2001,North Lost Trail,669,39.07818,-107.14388,3.4
2002,North Lost Trail,669,39.07818,-107.14388,2.6
2003,North Lost Trail,669,39.07818,-107.14388,4
2004,North Lost Trail,669,39.07818,-107.14388,4.8
2005,North Lost Trail,669,39.07818,-107.14388,7.4
2006,North Lost Trail,669,39.07818,-107.14388,4.9
2007,North Lost Trail,669,39.07818,-107.14388,4.1
2008,North Lost Trail,669,39.07818,-107.14388,8.5
2009,North Lost Trail,669,39.07818,-107.14388,7.2
2010,North Lost Trail,669,39.07818,-107.14388,4.7
2011,North Lost Trail,669,39.07818,-107.14388,9.3
2012,North Lost Trail,669,39.07818,-107.14388,2.9
2013,North Lost Trail,669,39.07818,-107.14388,4.6
2014,North Lost Trail,669,39.07818,-107.14388,5.1
2015,North Lost Trail,669,39.07818,-107.14388,2.9
2016,North Lost Trail,669,39.07818,-107.14388,4.4
2017,North Lost Trail,669,39.07818,-107.14388,6.3
2018,North Lost Trail,669,39.07818,-107.14388,2.8
2019,North Lost Trail,669,39.07818,-107.14388,6.3
2020,North Lost Trail,669,39.07818,-107.14388,5.3
2021,North Lost Trail,669,39.07818,-107.14388,4
2022,North Lost Trail,669,39.07818,-107.14388,6.5
2023,North Lost Trail,669,39.07818,-107.14388,8.4
2024,North Lost Trail,669,39.07818,-107.14388,5
1989,Overland Res.,675,39.09035,-107.63583,0.3
1990,Overland Res.,675,39.09035,-107.63583,1.9
1991,Overland Res.,675,39.09035,-107.63583,3.2
1992,Overland Res.,675,39.09035,-107.63583,3.2
1993,Overland Res.,675,39.09035,-107.63583,7.7
1994,Overland Res.,675,39.09035,-107.63583,3.6
1995,Overland Res.,675,39.09035,-107.63583,6.4
1996,Overland Res.,675,39.09035,-107.63583,4
1997,Overland Res.,675,39.09035,-107.63583,5.9
1998,Overland Res.,675,39.09035,-107.63583,4.2
1999,Overland Res.,675,39.09035,-107.63583,2.9
2000,Overland Res.,675,39.09035,-107.63583,2.4
2001,Overland Res.,675,39.09035,-107.63583,3.3
2002,Overland Res.,675,39.09035,-107.63583,2.4
2003,Overland Res.,675,39.09035,-107.63583,3.9
2004,Overland Res.,675,39.09035,-107.63583,4.5
2005,Overland Res.,675,39.09035,-107.63583,7
2006,Overland Res.,675,39.09035,-107.63583,3.6
2007,Overland Res.,675,39.09035,-107.63583,2.5
2008,Overland Res.,675,39.09035,-107.63583,6.7
2009,Overland Res.,675,39.09035,-107.63583,5.1
2010,Overland Res.,675,39.09035,-107.63583,4.3
2011,Overland Res.,675,39.09035,-107.63583,6.6
2012,Overland Res.,675,39.09035,-107.63583,2.4
2013,Overland Res.,675,39.09035,-107.63583,3
2014,Overland Res.,675,39.09035,-107.63583,3.3
2015,Overland Res.,675,39.09035,-107.63583,2.2
2016,Overland Res.,675,39.09035,-107.63583,3.3
2017,Overland Res.,675,39.09035,-107.63583,4.2
2018,Overland Res.,675,39.09035,-107.63583,1.2
2019,Overland Res.,675,39.09035,-107.63583,5.2
2020,Overland Res.,675,39.09035,-107.63583,3
2021,Overland Res.,675,39.09035,-107.63583,2.2
2022,Overland Res.,675,39.09035,-107.63583,4.5
2023,Overland Res.,675,39.09035,-107.63583,6.6
2024,Overland Res.,675,39.09035,-107.63583,2.8
1980,Park Cone,680,38.81982,-106.58962,0.6
1981,Park Cone,680,38.81982,-106.58962,1.6
1982,Park Cone,680,38.81982,-106.58962,4.2
1983,Park Cone,680,38.81982,-106.58962,2.8
1984,Park Cone,680,38.81982,-106.58962,5.1
1985,Park Cone,680,38.81982,-106.58962,3.6
1986,Park Cone,680,38.81982,-106.58962,4.6
1987,Park Cone,680,38.81982,-106.58962,2.7
1988,Park Cone,680,38.81982,-106.58962,1.7
1989,Park Cone,680,38.81982,-106.58962,2.6
1990,Park Cone,680,38.81982,-106.58962,1.9
1991,Park Cone,680,38.81982,-106.58962,3.3
1992,Park Cone,680,38.81982,-106.58962,2.2
1993,Park Cone,680,38.81982,-106.58962,4.6
1994,Park Cone,680,38.81982,-106.58962,2.5
1995,Park Cone,680,38.81982,-106.58962,4.8
1996,Park Cone,680,38.81982,-106.58962,4.3
1997,Park Cone,680,38.81982,-106.58962,5.6
1998,Park Cone,680,38.81982,-106.58962,2.9
1999,Park Cone,680,38.81982,-106.58962,2.9
2000,Park Cone,680,38.81982,-106.58962,2
2001,Park Cone,680,38.81982,-106.58962,1.3
2002,Park Cone,680,38.81982,-106.58962,1.7
2003,Park Cone,680,38.81982,-106.58962,2.7
2004,Park Cone,680,38.81982,-106.58962,3
2005,Park Cone,680,38.81982,-106.58962,3.5
2006,Park Cone,680,38.81982,-106.58962,3.4
2007,Park Cone,680,38.81982,-106.58962,2.1
2008,Park Cone,680,38.81982,-106.58962,5.1
2009,Park Cone,680,38.81982,-106.58962,3.6
2010,Park Cone,680,38.81982,-106.58962,3
2011,Park Cone,680,38.81982,-106.58962,4.8
2012,Park Cone,680,38.81982,-106.58962,2.2
2013,Park Cone,680,38.81982,-106.58962,2.4
2014,Park Cone,680,38.81982,-106.58962,4.1
2015,Park Cone,680,38.81982,-106.58962,2.5
2016,Park Cone,680,38.81982,-106.58962,2.8
2017,Park Cone,680,38.81982,-106.58962,5.8
2018,Park Cone,680,38.81982,-106.58962,2.3
2019,Park Cone,680,38.81982,-106.58962,3.8
2020,Park Cone,680,38.81982,-106.58962,3.3
2021,Park Cone,680,38.81982,-106.58962,2.5
2022,Park Cone,680,38.81982,-106.58962,3.9
2023,Park Cone,680,38.81982,-106.58962,4.6
2024,Park Cone,680,38.81982,-106.58962,3.9
1980,Park Reservoir,682,39.04433,-107.87951,12.1
1981,Park Reservoir,682,39.04433,-107.87951,5.7
1982,Park Reservoir,682,39.04433,-107.87951,15.9
1983,Park Reservoir,682,39.04433,-107.87951,17.4
1984,Park Reservoir,682,39.04433,-107.87951,12.9
1985,Park Reservoir,682,39.04433,-107.87951,14.7
1986,Park Reservoir,682,39.04433,-107.87951,16.9
1987,Park Reservoir,682,39.04433,-107.87951,12
1988,Park Reservoir,682,39.04433,-107.87951,9.7
1989,Park Reservoir,682,39.04433,-107.87951,8.8
1990,Park Reservoir,682,39.04433,-107.87951,7.3
1991,Park Reservoir,682,39.04433,-107.87951,9.9
1992,Park Reservoir,682,39.04433,-107.87951,8.2
1993,Park Reservoir,682,39.04433,-107.87951,17.9
1994,Park Reservoir,682,39.04433,-107.87951,8.9
1995,Park Reservoir,682,39.04433,-107.87951,15.7
1996,Park Reservoir,682,39.04433,-107.87951,9.2
1997,Park Reservoir,682,39.04433,-107.87951,15.2
1998,Park Reservoir,682,39.04433,-107.87951,11.5
1999,Park Reservoir,682,39.04433,-107.87951,9.1
2000,Park Reservoir,682,39.04433,-107.87951,6.1
2001,Park Reservoir,682,39.04433,-107.87951,6.3
2002,Park Reservoir,682,39.04433,-107.87951,5.4
2003,Park Reservoir,682,39.04433,-107.87951,8.1
2004,Park Reservoir,682,39.04433,-107.87951,11.3
2005,Park Reservoir,682,39.04433,-107.87951,18.6
2006,Park Reservoir,682,39.04433,-107.87951,8
2007,Park Reservoir,682,39.04433,-107.87951,6
2008,Park Reservoir,682,39.04433,-107.87951,13.4
2009,Park Reservoir,682,39.04433,-107.87951,8.8
2010,Park Reservoir,682,39.04433,-107.87951,9.8
2011,Park Reservoir,682,39.04433,-107.87951,16.6
2012,Park Reservoir,682,39.04433,-107.87951,5.9
2013,Park Reservoir,682,39.04433,-107.87951,7.4
2014,Park Reservoir,682,39.04433,-107.87951,9.3
2015,Park Reservoir,682,39.04433,-107.87951,6.6
2016,Park Reservoir,682,39.04433,-107.87951,10.6
2017,Park Reservoir,682,39.04433,-107.87951,11.7
2018,Park Reservoir,682,39.04433,-107.87951,4.1
2019,Park Reservoir,682,39.04433,-107.87951,14.9
2020,Park Reservoir,682,39.04433,-107.87951,6.7
2021,Park Reservoir,682,39.04433,-107.87951,6.4
2022,Park Reservoir,682,39.04433,-107.87951,11.8
2023,Park Reservoir,682,39.04433,-107.87951,17.2
2024,Park Reservoir,682,39.04433,-107.87951,7.3
1980,Phantom Valley,688,40.39803,-105.84606,0.4
1981,Phantom Valley,688,40.39803,-105.84606,1.5
1982,Phantom Valley,688,40.39803,-105.84606,3.4
1983,Phantom Valley,688,40.39803,-105.84606,4.2
1984,Phantom Valley,688,40.39803,-105.84606,4.9
1985,Phantom Valley,688,40.39803,-105.84606,3
1986,Phantom Valley,688,40.39803,-105.84606,4.3
1987,Phantom Valley,688,40.39803,-105.84606,1.6
1988,Phantom Valley,688,40.39803,-105.84606,3.3
1989,Phantom Valley,688,40.39803,-105.84606,2.2
1990,Phantom Valley,688,40.39803,-105.84606,2
1991,Phantom Valley,688,40.39803,-105.84606,2.9
1992,Phantom Valley,688,40.39803,-105.84606,2.8
1993,Phantom Valley,688,40.39803,-105.84606,3.8
1994,Phantom Valley,688,40.39803,-105.84606,3.1
1995,Phantom Valley,688,40.39803,-105.84606,2.8
1996,Phantom Valley,688,40.39803,-105.84606,4.8
1997,Phantom Valley,688,40.39803,-105.84606,4.3
1998,Phantom Valley,688,40.39803,-105.84606,2.8
1999,Phantom Valley,688,40.39803,-105.84606,2.2
2000,Phantom Valley,688,40.39803,-105.84606,3.4
2001,Phantom Valley,688,40.39803,-105.84606,2.7
2002,Phantom Valley,688,40.39803,-105.84606,2.2
2003,Phantom Valley,688,40.39803,-105.84606,3.8
2004,Phantom Valley,688,40.39803,-105.84606,1.5
2005,Phantom Valley,688,40.39803,-105.84606,2.6
2006,Phantom Valley,688,40.39803,-105.84606,3.1
2007,Phantom Valley,688,40.39803,-105.84606,2.4
2008,Phantom Valley,688,40.39803,-105.84606,3.1
2009,Phantom Valley,688,40.39803,-105.84606,3
2010,Phantom Valley,688,40.39803,-105.84606,2.9
2011,Phantom Valley,688,40.39803,-105.84606,6.6
2012,Phantom Valley,688,40.39803,-105.84606,1.2
2013,Phantom Valley,688,40.39803,-105.84606,2.5
2014,Phantom Valley,688,40.39803,-105.84606,3.8
2015,Phantom Valley,688,40.39803,-105.84606,2.3
2016,Phantom Valley,688,40.39803,-105.84606,2.9
2017,Phantom Valley,688,40.39803,-105.84606,3.7
2018,Phantom Valley,688,40.39803,-105.84606,3
2019,Phantom Valley,688,40.39803,-105.84606,3.2
2020,Phantom Valley,688,40.39803,-105.84606,4.1
2021,Phantom Valley,688,40.39803,-105.84606,2.2
2022,Phantom Valley,688,40.39803,-105.84606,2.6
2023,Phantom Valley,688,40.39803,-105.84606,3.8
2024,Phantom Valley,688,40.39803,-105.84606,2.8
1980,Porphyry Creek,701,38.48864,-106.33967,6.8
1981,Porphyry Creek,701,38.48864,-106.33967,2.1
1982,Porphyry Creek,701,38.48864,-106.33967,6.7
1983,Porphyry Creek,701,38.48864,-106.33967,7
1984,Porphyry Creek,701,38.48864,-106.33967,9.6
1985,Porphyry Creek,701,38.48864,-106.33967,6
1986,Porphyry Creek,701,38.48864,-106.33967,5.5
1987,Porphyry Creek,701,38.48864,-106.33967,5.5
1988,Porphyry Creek,701,38.48864,-106.33967,5.2
1989,Porphyry Creek,701,38.48864,-106.33967,3.6
1990,Porphyry Creek,701,38.48864,-106.33967,3.6
1991,Porphyry Creek,701,38.48864,-106.33967,4.1
1992,Porphyry Creek,701,38.48864,-106.33967,4.2
1993,Porphyry Creek,701,38.48864,-106.33967,6.4
1994,Porphyry Creek,701,38.48864,-106.33967,4.6
1995,Porphyry Creek,701,38.48864,-106.33967,7.3
1996,Porphyry Creek,701,38.48864,-106.33967,7.2
1997,Porphyry Creek,701,38.48864,-106.33967,8.2
1998,Porphyry Creek,701,38.48864,-106.33967,5.6
1999,Porphyry Creek,701,38.48864,-106.33967,4.1
2000,Porphyry Creek,701,38.48864,-106.33967,4.3
2001,Porphyry Creek,701,38.48864,-106.33967,4.3
2002,Porphyry Creek,701,38.48864,-106.33967,2.5
2003,Porphyry Creek,701,38.48864,-106.33967,4.9
2004,Porphyry Creek,701,38.48864,-106.33967,4.7
2005,Porphyry Creek,701,38.48864,-106.33967,6.1
2006,Porphyry Creek,701,38.48864,-106.33967,5
2007,Porphyry Creek,701,38.48864,-106.33967,4.9
2008,Porphyry Creek,701,38.48864,-106.33967,7.1
2009,Porphyry Creek,701,38.48864,-106.33967,5.5
2010,Porphyry Creek,701,38.48864,-106.33967,4.9
2011,Porphyry Creek,701,38.48864,-106.33967,6.6
2012,Porphyry Creek,701,38.48864,-106.33967,2.6
2013,Porphyry Creek,701,38.48864,-106.33967,3.1
2014,Porphyry Creek,701,38.48864,-106.33967,5.9
2015,Porphyry Creek,701,38.48864,-106.33967,5.4
2016,Porphyry Creek,701,38.48864,-106.33967,5.9
2017,Porphyry Creek,701,38.48864,-106.33967,7.3
2018,Porphyry Creek,701,38.48864,-106.33967,3.3
2019,Porphyry Creek,701,38.48864,-106.33967,8.2
2020,Porphyry Creek,701,38.48864,-106.33967,6.2
2021,Porphyry Creek,701,38.48864,-106.33967,4.1
2022,Porphyry Creek,701,38.48864,-106.33967,5.3
2023,Porphyry Creek,701,38.48864,-106.33967,6.5
2024,Porphyry Creek,701,38.48864,-106.33967,6.5
1986,Rabbit Ears,709,40.36735,-106.74118,3.8
1987,Rabbit Ears,709,40.36735,-106.74118,5.3
1988,Rabbit Ears,709,40.36735,-106.74118,8.7
1989,Rabbit Ears,709,40.36735,-106.74118,8
1990,Rabbit Ears,709,40.36735,-106.74118,8.8
1991,Rabbit Ears,709,40.36735,-106.74118,9.1
1992,Rabbit Ears,709,40.36735,-106.74118,7.3
1993,Rabbit Ears,709,40.36735,-106.74118,11.8
1994,Rabbit Ears,709,40.36735,-106.74118,7.9
1995,Rabbit Ears,709,40.36735,-106.74118,12
1996,Rabbit Ears,709,40.36735,-106.74118,15.2
1997,Rabbit Ears,709,40.36735,-106.74118,16.1
1998,Rabbit Ears,709,40.36735,-106.74118,9.1
1999,Rabbit Ears,709,40.36735,-106.74118,8.9
2000,Rabbit Ears,709,40.36735,-106.74118,9.2
2001,Rabbit Ears,709,40.36735,-106.74118,6.7
2002,Rabbit Ears,709,40.36735,-106.74118,5.6
2003,Rabbit Ears,709,40.36735,-106.74118,9.4
2004,Rabbit Ears,709,40.36735,-106.74118,7.5
2005,Rabbit Ears,709,40.36735,-106.74118,7.2
2006,Rabbit Ears,709,40.36735,-106.74118,11.7
2007,Rabbit Ears,709,40.36735,-106.74118,6.8
2008,Rabbit Ears,709,40.36735,-106.74118,11.7
2009,Rabbit Ears,709,40.36735,-106.74118,9.7
2010,Rabbit Ears,709,40.36735,-106.74118,6.5
2011,Rabbit Ears,709,40.36735,-106.74118,17.2
2012,Rabbit Ears,709,40.36735,-106.74118,3.6
2013,Rabbit Ears,709,40.36735,-106.74118,7
2014,Rabbit Ears,709,40.36735,-106.74118,12.4
2015,Rabbit Ears,709,40.36735,-106.74118,6.8
2016,Rabbit Ears,709,40.36735,-106.74118,11.4
2017,Rabbit Ears,709,40.36735,-106.74118,7.5
2018,Rabbit Ears,709,40.36735,-106.74118,5.9
2019,Rabbit Ears,709,40.36735,-106.74118,9.7
2020,Rabbit Ears,709,40.36735,-106.74118,8.4
2021,Rabbit Ears,709,40.36735,-106.74118,5.1
2022,Rabbit Ears,709,40.36735,-106.74118,8.1
2023,Rabbit Ears,709,40.36735,-106.74118,10.1
2024,Rabbit Ears,709,40.36735,-106.74118,9.5
2024,Rat Creek,1324,37.93571,-106.98192,2.4
2002,Rawah,1032,40.70794,-106.00727,1.3
2003,Rawah,1032,40.70794,-106.00727,3.8
2004,Rawah,1032,40.70794,-106.00727,2
2005,Rawah,1032,40.70794,-106.00727,2.5
2006,Rawah,1032,40.70794,-106.00727,3.3
2007,Rawah,1032,40.70794,-106.00727,3.4
2008,Rawah,1032,40.70794,-106.00727,3.7
2009,Rawah,1032,40.70794,-106.00727,3.4
2010,Rawah,1032,40.70794,-106.00727,3.6
2011,Rawah,1032,40.70794,-106.00727,7.3
2012,Rawah,1032,40.70794,-106.00727,1.8
2013,Rawah,1032,40.70794,-106.00727,3.6
2014,Rawah,1032,40.70794,-106.00727,4.5
2015,Rawah,1032,40.70794,-106.00727,2.9
2016,Rawah,1032,40.70794,-106.00727,4.5
2017,Rawah,1032,40.70794,-106.00727,3.8
2018,Rawah,1032,40.70794,-106.00727,3.3
2019,Rawah,1032,40.70794,-106.00727,4.1
2020,Rawah,1032,40.70794,-106.00727,4.1
2021,Rawah,1032,40.70794,-106.00727,3.1
2022,Rawah,1032,40.70794,-106.00727,3.6
2023,Rawah,1032,40.70794,-106.00727,4.9
2024,Rawah,1032,40.70794,-106.00727,3.8
1980,Red Mountain Pass,713,37.89168,-107.71389,2.8
1981,Red Mountain Pass,713,37.89168,-107.71389,5.2
1982,Red Mountain Pass,713,37.89168,-107.71389,12.7
1983,Red Mountain Pass,713,37.89168,-107.71389,12.1
1984,Red Mountain Pass,713,37.89168,-107.71389,14.6
1985,Red Mountain Pass,713,37.89168,-107.71389,12.1
1986,Red Mountain Pass,713,37.89168,-107.71389,9.5
1987,Red Mountain Pass,713,37.89168,-107.71389,11
1988,Red Mountain Pass,713,37.89168,-107.71389,7.7
1989,Red Mountain Pass,713,37.89168,-107.71389,7.2
1990,Red Mountain Pass,713,37.89168,-107.71389,4.6
1991,Red Mountain Pass,713,37.89168,-107.71389,7.5
1992,Red Mountain Pass,713,37.89168,-107.71389,8.5
1993,Red Mountain Pass,713,37.89168,-107.71389,11.1
1994,Red Mountain Pass,713,37.89168,-107.71389,7.5
1995,Red Mountain Pass,713,37.89168,-107.71389,11.9
1996,Red Mountain Pass,713,37.89168,-107.71389,8.5
1997,Red Mountain Pass,713,37.89168,-107.71389,12.8
1998,Red Mountain Pass,713,37.89168,-107.71389,8.3
1999,Red Mountain Pass,713,37.89168,-107.71389,8.6
2000,Red Mountain Pass,713,37.89168,-107.71389,6.6
2001,Red Mountain Pass,713,37.89168,-107.71389,7.7
2002,Red Mountain Pass,713,37.89168,-107.71389,4.9
2003,Red Mountain Pass,713,37.89168,-107.71389,6.3
2004,Red Mountain Pass,713,37.89168,-107.71389,9.2
2005,Red Mountain Pass,713,37.89168,-107.71389,10.9
2006,Red Mountain Pass,713,37.89168,-107.71389,7.1
2007,Red Mountain Pass,713,37.89168,-107.71389,8.3
2008,Red Mountain Pass,713,37.89168,-107.71389,12.4
2009,Red Mountain Pass,713,37.89168,-107.71389,8.3
2010,Red Mountain Pass,713,37.89168,-107.71389,7.4
2011,Red Mountain Pass,713,37.89168,-107.71389,11.7
2012,Red Mountain Pass,713,37.89168,-107.71389,5.2
2013,Red Mountain Pass,713,37.89168,-107.71389,6.3
2014,Red Mountain Pass,713,37.89168,-107.71389,8.8
2015,Red Mountain Pass,713,37.89168,-107.71389,7.8
2016,Red Mountain Pass,713,37.89168,-107.71389,8.7
2017,Red Mountain Pass,713,37.89168,-107.71389,9.9
2018,Red Mountain Pass,713,37.89168,-107.71389,5
2019,Red Mountain Pass,713,37.89168,-107.71389,13.2
2020,Red Mountain Pass,713,37.89168,-107.71389,8.1
2021,Red Mountain Pass,713,37.89168,-107.71389,7.6
2022,Red Mountain Pass,713,37.89168,-107.71389,6.8
2023,Red Mountain Pass,713,37.89168,-107.71389,10.5
2024,Red Mountain Pass,713,37.89168,-107.71389,7.6
1986,Ripple Creek,717,40.10844,-107.29383,2.7
1987,Ripple Creek,717,40.10844,-107.29383,5.1
1988,Ripple Creek,717,40.10844,-107.29383,10.1
1989,Ripple Creek,717,40.10844,-107.29383,7.1
1990,Ripple Creek,717,40.10844,-107.29383,7
1991,Ripple Creek,717,40.10844,-107.29383,9
1992,Ripple Creek,717,40.10844,-107.29383,7
1993,Ripple Creek,717,40.10844,-107.29383,14.8
1994,Ripple Creek,717,40.10844,-107.29383,8
1995,Ripple Creek,717,40.10844,-107.29383,13.6
1996,Ripple Creek,717,40.10844,-107.29383,14.3
1997,Ripple Creek,717,40.10844,-107.29383,13.9
1998,Ripple Creek,717,40.10844,-107.29383,9.7
1999,Ripple Creek,717,40.10844,-107.29383,8.8
2000,Ripple Creek,717,40.10844,-107.29383,8.7
2001,Ripple Creek,717,40.10844,-107.29383,9.1
2002,Ripple Creek,717,40.10844,-107.29383,6.5
2003,Ripple Creek,717,40.10844,-107.29383,10.7
2004,Ripple Creek,717,40.10844,-107.29383,9.9
2005,Ripple Creek,717,40.10844,-107.29383,9.3
2006,Ripple Creek,717,40.10844,-107.29383,12.1
2007,Ripple Creek,717,40.10844,-107.29383,7.9
2008,Ripple Creek,717,40.10844,-107.29383,8.8
2009,Ripple Creek,717,40.10844,-107.29383,10.6
2010,Ripple Creek,717,40.10844,-107.29383,8.8
2011,Ripple Creek,717,40.10844,-107.29383,18
2012,Ripple Creek,717,40.10844,-107.29383,5.5
2013,Ripple Creek,717,40.10844,-107.29383,9.2
2014,Ripple Creek,717,40.10844,-107.29383,12.1
2015,Ripple Creek,717,40.10844,-107.29383,9.1
2016,Ripple Creek,717,40.10844,-107.29383,11.6
2017,Ripple Creek,717,40.10844,-107.29383,12.3
2018,Ripple Creek,717,40.10844,-107.29383,8
2019,Ripple Creek,717,40.10844,-107.29383,14.3
2020,Ripple Creek,717,40.10844,-107.29383,9.7
2021,Ripple Creek,717,40.10844,-107.29383,7.2
2022,Ripple Creek,717,40.10844,-107.29383,9.2
2023,Ripple Creek,717,40.10844,-107.29383,13.5
2024,Ripple Creek,717,40.10844,-107.29383,10.3
1980,Roach,718,40.87498,-106.04675,1.9
1981,Roach,718,40.87498,-106.04675,3.1
1982,Roach,718,40.87498,-106.04675,7.6
1983,Roach,718,40.87498,-106.04675,8.7
1984,Roach,718,40.87498,-106.04675,8.2
1985,Roach,718,40.87498,-106.04675,6.6
1986,Roach,718,40.87498,-106.04675,10.8
1987,Roach,718,40.87498,-106.04675,3.9
1988,Roach,718,40.87498,-106.04675,6.3
1989,Roach,718,40.87498,-106.04675,4.4
1990,Roach,718,40.87498,-106.04675,6.1
1991,Roach,718,40.87498,-106.04675,5.4
1992,Roach,718,40.87498,-106.04675,4.3
1993,Roach,718,40.87498,-106.04675,6.8
1994,Roach,718,40.87498,-106.04675,4.9
1995,Roach,718,40.87498,-106.04675,6.1
1996,Roach,718,40.87498,-106.04675,8.2
1997,Roach,718,40.87498,-106.04675,9.3
1998,Roach,718,40.87498,-106.04675,5.1
1999,Roach,718,40.87498,-106.04675,6.5
2000,Roach,718,40.87498,-106.04675,4.6
2001,Roach,718,40.87498,-106.04675,4.2
2002,Roach,718,40.87498,-106.04675,3
2003,Roach,718,40.87498,-106.04675,5.6
2004,Roach,718,40.87498,-106.04675,5.2
2005,Roach,718,40.87498,-106.04675,5.2
2006,Roach,718,40.87498,-106.04675,5.9
2007,Roach,718,40.87498,-106.04675,6.4
2008,Roach,718,40.87498,-106.04675,7.6
2009,Roach,718,40.87498,-106.04675,6
2010,Roach,718,40.87498,-106.04675,7.2
2011,Roach,718,40.87498,-106.04675,10
2012,Roach,718,40.87498,-106.04675,4.1
2013,Roach,718,40.87498,-106.04675,4.7
2014,Roach,718,40.87498,-106.04675,7.3
2015,Roach,718,40.87498,-106.04675,4
2016,Roach,718,40.87498,-106.04675,7.1
2017,Roach,718,40.87498,-106.04675,6.3
2018,Roach,718,40.87498,-106.04675,4.7
2019,Roach,718,40.87498,-106.04675,6.6
2020,Roach,718,40.87498,-106.04675,5.2
2021,Roach,718,40.87498,-106.04675,4.9
2022,Roach,718,40.87498,-106.04675,5.8
2023,Roach,718,40.87498,-106.04675,6.1
2024,Roach,718,40.87498,-106.04675,4.5
1998,Rough And Tumble,939,39.02611,-106.08063,0.8
1999,Rough And Tumble,939,39.02611,-106.08063,2.2
2000,Rough And Tumble,939,39.02611,-106.08063,2.2
2001,Rough And Tumble,939,39.02611,-106.08063,1.9
2002,Rough And Tumble,939,39.02611,-106.08063,0.8
2003,Rough And Tumble,939,39.02611,-106.08063,1.9
2004,Rough And Tumble,939,39.02611,-106.08063,1.9
2005,Rough And Tumble,939,39.02611,-106.08063,2.2
2006,Rough And Tumble,939,39.02611,-106.08063,2
2007,Rough And Tumble,939,39.02611,-106.08063,2.7
2008,Rough And Tumble,939,39.02611,-106.08063,3.2
2009,Rough And Tumble,939,39.02611,-106.08063,2.1
2010,Rough And Tumble,939,39.02611,-106.08063,3
2011,Rough And Tumble,939,39.02611,-106.08063,1.6
2012,Rough And Tumble,939,39.02611,-106.08063,2
2013,Rough And Tumble,939,39.02611,-106.08063,1.4
2014,Rough And Tumble,939,39.02611,-106.08063,2.5
2015,Rough And Tumble,939,39.02611,-106.08063,2.7
2016,Rough And Tumble,939,39.02611,-106.08063,2.4
2017,Rough And Tumble,939,39.02611,-106.08063,1.7
2018,Rough And Tumble,939,39.02611,-106.08063,1.1
2019,Rough And Tumble,939,39.02611,-106.08063,3.5
2020,Rough And Tumble,939,39.02611,-106.08063,2.8
2021,Rough And Tumble,939,39.02611,-106.08063,2.3
2022,Rough And Tumble,939,39.02611,-106.08063,1.2
2023,Rough And Tumble,939,39.02611,-106.08063,1.4
2024,Rough And Tumble,939,39.02611,-106.08063,2.1
1983,Saint Elmo,1100,38.69985,-106.36805,5.3
1984,Saint Elmo,1100,38.69985,-106.36805,
1985,Saint Elmo,1100,38.69985,-106.36805,11.1
1986,Saint Elmo,1100,38.69985,-106.36805,11.2
1987,Saint Elmo,1100,38.69985,-106.36805,11.3
1988,Saint Elmo,1100,38.69985,-106.36805,7.2
1989,Saint Elmo,1100,38.69985,-106.36805,8.9
1990,Saint Elmo,1100,38.69985,-106.36805,6.6
1991,Saint Elmo,1100,38.69985,-106.36805,7.7
1992,Saint Elmo,1100,38.69985,-106.36805,7.2
1993,Saint Elmo,1100,38.69985,-106.36805,8.8
1994,Saint Elmo,1100,38.69985,-106.36805,7.6
1995,Saint Elmo,1100,38.69985,-106.36805,9.8
1996,Saint Elmo,1100,38.69985,-106.36805,10.6
1997,Saint Elmo,1100,38.69985,-106.36805,12.7
1998,Saint Elmo,1100,38.69985,-106.36805,8
1999,Saint Elmo,1100,38.69985,-106.36805,8
2000,Saint Elmo,1100,38.69985,-106.36805,6.4
2001,Saint Elmo,1100,38.69985,-106.36805,7.4
2002,Saint Elmo,1100,38.69985,-106.36805,4.5
2003,Saint Elmo,1100,38.69985,-106.36805,6.8
2004,Saint Elmo,1100,38.69985,-106.36805,6.5
2005,Saint Elmo,1100,38.69985,-106.36805,9.6
2006,Saint Elmo,1100,38.69985,-106.36805,7.4
2007,Saint Elmo,1100,38.69985,-106.36805,4.1
2008,Saint Elmo,1100,38.69985,-106.36805,4.3
2009,Saint Elmo,1100,38.69985,-106.36805,3.3
2010,Saint Elmo,1100,38.69985,-106.36805,3.6
2011,Saint Elmo,1100,38.69985,-106.36805,4.3
2012,Saint Elmo,1100,38.69985,-106.36805,2
2013,Saint Elmo,1100,38.69985,-106.36805,2.4
2014,Saint Elmo,1100,38.69985,-106.36805,4.1
2015,Saint Elmo,1100,38.69985,-106.36805,2.8
2016,Saint Elmo,1100,38.69985,-106.36805,3.4
2017,Saint Elmo,1100,38.69985,-106.36805,4.8
2018,Saint Elmo,1100,38.69985,-106.36805,2.2
2019,Saint Elmo,1100,38.69985,-106.36805,4.9
2020,Saint Elmo,1100,38.69985,-106.36805,3.4
2021,Saint Elmo,1100,38.69985,-106.36805,2.9
2022,Saint Elmo,1100,38.69985,-106.36805,3.7
2023,Saint Elmo,1100,38.69985,-106.36805,4.1
2024,Saint Elmo,1100,38.69985,-106.36805,3.6
2008,Sargents Mesa,1128,38.2856,-106.37085,0.3
2009,Sargents Mesa,1128,38.2856,-106.37085,2.8
2010,Sargents Mesa,1128,38.2856,-106.37085,3.6
2011,Sargents Mesa,1128,38.2856,-106.37085,4.1
2012,Sargents Mesa,1128,38.2856,-106.37085,1.6
2013,Sargents Mesa,1128,38.2856,-106.37085,2.6
2014,Sargents Mesa,1128,38.2856,-106.37085,3.8
2015,Sargents Mesa,1128,38.2856,-106.37085,4.8
2016,Sargents Mesa,1128,38.2856,-106.37085,4.8
2017,Sargents Mesa,1128,38.2856,-106.37085,3.3
2018,Sargents Mesa,1128,38.2856,-106.37085,1.7
2019,Sargents Mesa,1128,38.2856,-106.37085,5.2
2020,Sargents Mesa,1128,38.2856,-106.37085,4.2
2021,Sargents Mesa,1128,38.2856,-106.37085,3.7
2022,Sargents Mesa,1128,38.2856,-106.37085,2
2023,Sargents Mesa,1128,38.2856,-106.37085,3.8
2024,Sargents Mesa,1128,38.2856,-106.37085,3.2
2014,Sawtooth,1251,40.13632,-105.58486,2
2015,Sawtooth,1251,40.13632,-105.58486,9.2
2016,Sawtooth,1251,40.13632,-105.58486,8.9
2017,Sawtooth,1251,40.13632,-105.58486,11.9
2018,Sawtooth,1251,40.13632,-105.58486,7.1
2019,Sawtooth,1251,40.13632,-105.58486,13.2
2020,Sawtooth,1251,40.13632,-105.58486,9.7
2021,Sawtooth,1251,40.13632,-105.58486,8
2022,Sawtooth,1251,40.13632,-105.58486,9.7
2023,Sawtooth,1251,40.13632,-105.58486,10.2
2024,Sawtooth,1251,40.13632,-105.58486,9.1
1985,Schofield Pass,737,39.01467,-107.04933,6.6
1986,Schofield Pass,737,39.01467,-107.04933,21
1987,Schofield Pass,737,39.01467,-107.04933,11.9
1988,Schofield Pass,737,39.01467,-107.04933,11
1989,Schofield Pass,737,39.01467,-107.04933,11.5
1990,Schofield Pass,737,39.01467,-107.04933,10.3
1991,Schofield Pass,737,39.01467,-107.04933,12
1992,Schofield Pass,737,39.01467,-107.04933,8.6
1993,Schofield Pass,737,39.01467,-107.04933,18.4
1994,Schofield Pass,737,39.01467,-107.04933,11.6
1995,Schofield Pass,737,39.01467,-107.04933,21.4
1996,Schofield Pass,737,39.01467,-107.04933,15.8
1997,Schofield Pass,737,39.01467,-107.04933,18.6
1998,Schofield Pass,737,39.01467,-107.04933,10.9
1999,Schofield Pass,737,39.01467,-107.04933,10.3
2000,Schofield Pass,737,39.01467,-107.04933,7.9
2001,Schofield Pass,737,39.01467,-107.04933,10.2
2002,Schofield Pass,737,39.01467,-107.04933,9
2003,Schofield Pass,737,39.01467,-107.04933,10.1
2004,Schofield Pass,737,39.01467,-107.04933,10.9
2005,Schofield Pass,737,39.01467,-107.04933,16.3
2006,Schofield Pass,737,39.01467,-107.04933,11.8
2007,Schofield Pass,737,39.01467,-107.04933,8.7
2008,Schofield Pass,737,39.01467,-107.04933,19.1
2009,Schofield Pass,737,39.01467,-107.04933,15.7
2010,Schofield Pass,737,39.01467,-107.04933,13.2
2011,Schofield Pass,737,39.01467,-107.04933,19.5
2012,Schofield Pass,737,39.01467,-107.04933,6.6
2013,Schofield Pass,737,39.01467,-107.04933,9.5
2014,Schofield Pass,737,39.01467,-107.04933,14.6
2015,Schofield Pass,737,39.01467,-107.04933,8.8
2016,Schofield Pass,737,39.01467,-107.04933,10.4
2017,Schofield Pass,737,39.01467,-107.04933,18.3
2018,Schofield Pass,737,39.01467,-107.04933,8.7
2019,Schofield Pass,737,39.01467,-107.04933,17.6
2020,Schofield Pass,737,39.01467,-107.04933,9.6
2021,Schofield Pass,737,39.01467,-107.04933,8.1
2022,Schofield Pass,737,39.01467,-107.04933,13.6
2023,Schofield Pass,737,39.01467,-107.04933,17.1
2024,Schofield Pass,737,39.01467,-107.04933,10.7
1986,Scotch Creek,739,37.64562,-108.00833,1.4
1987,Scotch Creek,739,37.64562,-108.00833,4.6
1988,Scotch Creek,739,37.64562,-108.00833,2.2
1989,Scotch Creek,739,37.64562,-108.00833,2.8
1990,Scotch Creek,739,37.64562,-108.00833,1.3
1991,Scotch Creek,739,37.64562,-108.00833,2.8
1992,Scotch Creek,739,37.64562,-108.00833,3.2
1993,Scotch Creek,739,37.64562,-108.00833,6.2
1994,Scotch Creek,739,37.64562,-108.00833,2.6
1995,Scotch Creek,739,37.64562,-108.00833,4.1
1996,Scotch Creek,739,37.64562,-108.00833,2.9
1997,Scotch Creek,739,37.64562,-108.00833,5.6
1998,Scotch Creek,739,37.64562,-108.00833,2.8
1999,Scotch Creek,739,37.64562,-108.00833,1.6
2000,Scotch Creek,739,37.64562,-108.00833,2.4
2001,Scotch Creek,739,37.64562,-108.00833,3
2002,Scotch Creek,739,37.64562,-108.00833,1.5
2003,Scotch Creek,739,37.64562,-108.00833,2.6
2004,Scotch Creek,739,37.64562,-108.00833,2.6
2005,Scotch Creek,739,37.64562,-108.00833,3.9
2006,Scotch Creek,739,37.64562,-108.00833,2
2007,Scotch Creek,739,37.64562,-108.00833,2
2008,Scotch Creek,739,37.64562,-108.00833,4.9
2009,Scotch Creek,739,37.64562,-108.00833,3.6
2010,Scotch Creek,739,37.64562,-108.00833,3.6
2011,Scotch Creek,739,37.64562,-108.00833,3
2012,Scotch Creek,739,37.64562,-108.00833,2.1
2013,Scotch Creek,739,37.64562,-108.00833,2.3
2014,Scotch Creek,739,37.64562,-108.00833,2.7
2015,Scotch Creek,739,37.64562,-108.00833,1.7
2016,Scotch Creek,739,37.64562,-108.00833,3.4
2017,Scotch Creek,739,37.64562,-108.00833,4.6
2018,Scotch Creek,739,37.64562,-108.00833,0.8
2019,Scotch Creek,739,37.64562,-108.00833,4.3
2020,Scotch Creek,739,37.64562,-108.00833,3.6
2021,Scotch Creek,739,37.64562,-108.00833,2.1
2022,Scotch Creek,739,37.64562,-108.00833,2.7
2023,Scotch Creek,739,37.64562,-108.00833,5.6
2024,Scotch Creek,739,37.64562,-108.00833,3.2
2004,Sharkstooth,1060,37.50356,-108.11405,4.5
2005,Sharkstooth,1060,37.50356,-108.11405,9.7
2006,Sharkstooth,1060,37.50356,-108.11405,3.9
2007,Sharkstooth,1060,37.50356,-108.11405,4.2
2008,Sharkstooth,1060,37.50356,-108.11405,9.7
2009,Sharkstooth,1060,37.50356,-108.11405,7.6
2010,Sharkstooth,1060,37.50356,-108.11405,7.3
2011,Sharkstooth,1060,37.50356,-108.11405,8.7
2012,Sharkstooth,1060,37.50356,-108.11405,4.2
2013,Sharkstooth,1060,37.50356,-108.11405,5.1
2014,Sharkstooth,1060,37.50356,-108.11405,4.8
2015,Sharkstooth,1060,37.50356,-108.11405,4.7
2016,Sharkstooth,1060,37.50356,-108.11405,7.5
2017,Sharkstooth,1060,37.50356,-108.11405,10.4
2018,Sharkstooth,1060,37.50356,-108.11405,2
2019,Sharkstooth,1060,37.50356,-108.11405,8.5
2020,Sharkstooth,1060,37.50356,-108.11405,5.4
2021,Sharkstooth,1060,37.50356,-108.11405,3.4
2022,Sharkstooth,1060,37.50356,-108.11405,6
2023,Sharkstooth,1060,37.50356,-108.11405,10.3
2024,Sharkstooth,1060,37.50356,-108.11405,5.2
1980,Slumgullion,762,37.99076,-107.20392,0.2
1981,Slumgullion,762,37.99076,-107.20392,2.3
1982,Slumgullion,762,37.99076,-107.20392,6.2
1983,Slumgullion,762,37.99076,-107.20392,4.7
1984,Slumgullion,762,37.99076,-107.20392,7.3
1985,Slumgullion,762,37.99076,-107.20392,6.2
1986,Slumgullion,762,37.99076,-107.20392,6.4
1987,Slumgullion,762,37.99076,-107.20392,6.6
1988,Slumgullion,762,37.99076,-107.20392,4
1989,Slumgullion,762,37.99076,-107.20392,4
1990,Slumgullion,762,37.99076,-107.20392,3.9
1991,Slumgullion,762,37.99076,-107.20392,5.2
1992,Slumgullion,762,37.99076,-107.20392,3.9
1993,Slumgullion,762,37.99076,-107.20392,4.4
1994,Slumgullion,762,37.99076,-107.20392,4.2
1995,Slumgullion,762,37.99076,-107.20392,7.1
1996,Slumgullion,762,37.99076,-107.20392,5.5
1997,Slumgullion,762,37.99076,-107.20392,8
1998,Slumgullion,762,37.99076,-107.20392,5.4
1999,Slumgullion,762,37.99076,-107.20392,5.9
2000,Slumgullion,762,37.99076,-107.20392,4
2001,Slumgullion,762,37.99076,-107.20392,5.4
2002,Slumgullion,762,37.99076,-107.20392,2.7
2003,Slumgullion,762,37.99076,-107.20392,3.5
2004,Slumgullion,762,37.99076,-107.20392,4.6
2005,Slumgullion,762,37.99076,-107.20392,6.4
2006,Slumgullion,762,37.99076,-107.20392,4.7
2007,Slumgullion,762,37.99076,-107.20392,5.2
2008,Slumgullion,762,37.99076,-107.20392,6.3
2009,Slumgullion,762,37.99076,-107.20392,4.6
2010,Slumgullion,762,37.99076,-107.20392,4.8
2011,Slumgullion,762,37.99076,-107.20392,6
2012,Slumgullion,762,37.99076,-107.20392,3.8
2013,Slumgullion,762,37.99076,-107.20392,3.4
2014,Slumgullion,762,37.99076,-107.20392,5.2
2015,Slumgullion,762,37.99076,-107.20392,4.8
2016,Slumgullion,762,37.99076,-107.20392,5.2
2017,Slumgullion,762,37.99076,-107.20392,5
2018,Slumgullion,762,37.99076,-107.20392,2.5
2019,Slumgullion,762,37.99076,-107.20392,7.3
2020,Slumgullion,762,37.99076,-107.20392,5.1
2021,Slumgullion,762,37.99076,-107.20392,4.2
2022,Slumgullion,762,37.99076,-107.20392,3.1
2023,Slumgullion,762,37.99076,-107.20392,4.1
2024,Slumgullion,762,37.99076,-107.20392,3.9
1991,South Colony,773,37.96647,-105.53671,4.3
1992,South Colony,773,37.96647,-105.53671,6.5
1993,South Colony,773,37.96647,-105.53671,7.7
1994,South Colony,773,37.96647,-105.53671,7.8
1995,South Colony,773,37.96647,-105.53671,10.9
1996,South Colony,773,37.96647,-105.53671,4.4
1997,South Colony,773,37.96647,-105.53671,9.2
1998,South Colony,773,37.96647,-105.53671,7.4
1999,South Colony,773,37.96647,-105.53671,6.1
2000,South Colony,773,37.96647,-105.53671,4
2001,South Colony,773,37.96647,-105.53671,5.8
2002,South Colony,773,37.96647,-105.53671,3
2003,South Colony,773,37.96647,-105.53671,5.3
2004,South Colony,773,37.96647,-105.53671,6.6
2005,South Colony,773,37.96647,-105.53671,8.8
2006,South Colony,773,37.96647,-105.53671,4.5
2007,South Colony,773,37.96647,-105.53671,7.4
2008,South Colony,773,37.96647,-105.53671,11.6
2009,South Colony,773,37.96647,-105.53671,7.6
2010,South Colony,773,37.96647,-105.53671,6.9
2011,South Colony,773,37.96647,-105.53671,5.1
2012,South Colony,773,37.96647,-105.53671,4.5
2013,South Colony,773,37.96647,-105.53671,5
2014,South Colony,773,37.96647,-105.53671,6.5
2015,South Colony,773,37.96647,-105.53671,5.9
2016,South Colony,773,37.96647,-105.53671,7.1
2017,South Colony,773,37.96647,-105.53671,6.4
2018,South Colony,773,37.96647,-105.53671,2.4
2019,South Colony,773,37.96647,-105.53671,8.3
2020,South Colony,773,37.96647,-105.53671,5.8
2021,South Colony,773,37.96647,-105.53671,7
2022,South Colony,773,37.96647,-105.53671,5.4
2023,South Colony,773,37.96647,-105.53671,5.4
2024,South Colony,773,37.96647,-105.53671,4.9
1986,Spud Mountain,780,37.69883,-107.77841,7.5
1987,Spud Mountain,780,37.69883,-107.77841,12
1988,Spud Mountain,780,37.69883,-107.77841,7.5
1989,Spud Mountain,780,37.69883,-107.77841,8.9
1990,Spud Mountain,780,37.69883,-107.77841,3.4
1991,Spud Mountain,780,37.69883,-107.77841,9
1992,Spud Mountain,780,37.69883,-107.77841,8.3
1993,Spud Mountain,780,37.69883,-107.77841,16
1994,Spud Mountain,780,37.69883,-107.77841,8.4
1995,Spud Mountain,780,37.69883,-107.77841,15
1996,Spud Mountain,780,37.69883,-107.77841,6.8
1997,Spud Mountain,780,37.69883,-107.77841,12.3
1998,Spud Mountain,780,37.69883,-107.77841,8.2
1999,Spud Mountain,780,37.69883,-107.77841,7.4
2000,Spud Mountain,780,37.69883,-107.77841,5.4
2001,Spud Mountain,780,37.69883,-107.77841,8.1
2002,Spud Mountain,780,37.69883,-107.77841,3.6
2003,Spud Mountain,780,37.69883,-107.77841,6.4
2004,Spud Mountain,780,37.69883,-107.77841,9.4
2005,Spud Mountain,780,37.69883,-107.77841,13.8
2006,Spud Mountain,780,37.69883,-107.77841,5.2
2007,Spud Mountain,780,37.69883,-107.77841,5.6
2008,Spud Mountain,780,37.69883,-107.77841,11.7
2009,Spud Mountain,780,37.69883,-107.77841,8.5
2010,Spud Mountain,780,37.69883,-107.77841,7.8
2011,Spud Mountain,780,37.69883,-107.77841,12.4
2012,Spud Mountain,780,37.69883,-107.77841,4.4
2013,Spud Mountain,780,37.69883,-107.77841,6.5
2014,Spud Mountain,780,37.69883,-107.77841,7.1
2015,Spud Mountain,780,37.69883,-107.77841,5
2016,Spud Mountain,780,37.69883,-107.77841,7
2017,Spud Mountain,780,37.69883,-107.77841,10
2018,Spud Mountain,780,37.69883,-107.77841,2.8
2019,Spud Mountain,780,37.69883,-107.77841,13.1
2020,Spud Mountain,780,37.69883,-107.77841,7.5
2021,Spud Mountain,780,37.69883,-107.77841,5.7
2022,Spud Mountain,780,37.69883,-107.77841,6.7
2023,Spud Mountain,780,37.69883,-107.77841,12.2
2024,Spud Mountain,780,37.69883,-107.77841,6.1
1985,Stillwater Creek,793,40.22532,-105.9198,1.2
1986,Stillwater Creek,793,40.22532,-105.9198,2.8
1987,Stillwater Creek,793,40.22532,-105.9198,0.8
1988,Stillwater Creek,793,40.22532,-105.9198,1.8
1989,Stillwater Creek,793,40.22532,-105.9198,1.6
1990,Stillwater Creek,793,40.22532,-105.9198,1.6
1991,Stillwater Creek,793,40.22532,-105.9198,2.1
1992,Stillwater Creek,793,40.22532,-105.9198,1.5
1993,Stillwater Creek,793,40.22532,-105.9198,3.2
1994,Stillwater Creek,793,40.22532,-105.9198,2
1995,Stillwater Creek,793,40.22532,-105.9198,1.9
1996,Stillwater Creek,793,40.22532,-105.9198,3.1
1997,Stillwater Creek,793,40.22532,-105.9198,3.8
1998,Stillwater Creek,793,40.22532,-105.9198,1.6
1999,Stillwater Creek,793,40.22532,-105.9198,1.6
2000,Stillwater Creek,793,40.22532,-105.9198,2.3
2001,Stillwater Creek,793,40.22532,-105.9198,2
2002,Stillwater Creek,793,40.22532,-105.9198,1.4
2003,Stillwater Creek,793,40.22532,-105.9198,3.1
2004,Stillwater Creek,793,40.22532,-105.9198,1.5
2005,Stillwater Creek,793,40.22532,-105.9198,2.2
2006,Stillwater Creek,793,40.22532,-105.9198,2.9
2007,Stillwater Creek,793,40.22532,-105.9198,2.1
2008,Stillwater Creek,793,40.22532,-105.9198,2.7
2009,Stillwater Creek,793,40.22532,-105.9198,2.4
2010,Stillwater Creek,793,40.22532,-105.9198,1.6
2011,Stillwater Creek,793,40.22532,-105.9198,3.7
2012,Stillwater Creek,793,40.22532,-105.9198,1
2013,Stillwater Creek,793,40.22532,-105.9198,1.5
2014,Stillwater Creek,793,40.22532,-105.9198,2.8
2015,Stillwater Creek,793,40.22532,-105.9198,1.7
2016,Stillwater Creek,793,40.22532,-105.9198,2.6
2017,Stillwater Creek,793,40.22532,-105.9198,2.7
2018,Stillwater Creek,793,40.22532,-105.9198,2
2019,Stillwater Creek,793,40.22532,-105.9198,2.3
2020,Stillwater Creek,793,40.22532,-105.9198,2.4
2021,Stillwater Creek,793,40.22532,-105.9198,0.9
2022,Stillwater Creek,793,40.22532,-105.9198,1.7
2023,Stillwater Creek,793,40.22532,-105.9198,2.6
2024,Stillwater Creek,793,40.22532,-105.9198,1.8
1986,Stump Lakes,797,37.47647,-107.63348,7
1987,Stump Lakes,797,37.47647,-107.63348,12.5
1988,Stump Lakes,797,37.47647,-107.63348,6.2
1989,Stump Lakes,797,37.47647,-107.63348,5.2
1990,Stump Lakes,797,37.47647,-107.63348,4.1
1991,Stump Lakes,797,37.47647,-107.63348,6.3
1992,Stump Lakes,797,37.47647,-107.63348,7.7
1993,Stump Lakes,797,37.47647,-107.63348,10.9
1994,Stump Lakes,797,37.47647,-107.63348,6.5
1995,Stump Lakes,797,37.47647,-107.63348,11.2
1996,Stump Lakes,797,37.47647,-107.63348,4.2
1997,Stump Lakes,797,37.47647,-107.63348,10.9
1998,Stump Lakes,797,37.47647,-107.63348,6.4
1999,Stump Lakes,797,37.47647,-107.63348,6.7
2000,Stump Lakes,797,37.47647,-107.63348,4
2001,Stump Lakes,797,37.47647,-107.63348,7.9
2002,Stump Lakes,797,37.47647,-107.63348,1.9
2003,Stump Lakes,797,37.47647,-107.63348,4.2
2004,Stump Lakes,797,37.47647,-107.63348,7.6
2005,Stump Lakes,797,37.47647,-107.63348,12.8
2006,Stump Lakes,797,37.47647,-107.63348,3.8
2007,Stump Lakes,797,37.47647,-107.63348,5.5
2008,Stump Lakes,797,37.47647,-107.63348,9.3
2009,Stump Lakes,797,37.47647,-107.63348,6.5
2010,Stump Lakes,797,37.47647,-107.63348,6.7
2011,Stump Lakes,797,37.47647,-107.63348,7.3
2012,Stump Lakes,797,37.47647,-107.63348,4.8
2013,Stump Lakes,797,37.47647,-107.63348,4.3
2014,Stump Lakes,797,37.47647,-107.63348,5.3
2015,Stump Lakes,797,37.47647,-107.63348,5.3
2016,Stump Lakes,797,37.47647,-107.63348,6.4
2017,Stump Lakes,797,37.47647,-107.63348,8
2018,Stump Lakes,797,37.47647,-107.63348,2.6
2019,Stump Lakes,797,37.47647,-107.63348,10.7
2020,Stump Lakes,797,37.47647,-107.63348,6.2
2021,Stump Lakes,797,37.47647,-107.63348,4.5
2022,Stump Lakes,797,37.47647,-107.63348,4.9
2023,Stump Lakes,797,37.47647,-107.63348,8.2
2024,Stump Lakes,797,37.47647,-107.63348,6.3
1980,Summit Ranch,802,39.71803,-106.1577,0.3
1981,Summit Ranch,802,39.71803,-106.1577,1.9
1982,Summit Ranch,802,39.71803,-106.1577,2.2
1983,Summit Ranch,802,39.71803,-106.1577,4.7
1984,Summit Ranch,802,39.71803,-106.1577,6.5
1985,Summit Ranch,802,39.71803,-106.1577,3.9
1986,Summit Ranch,802,39.71803,-106.1577,3.9
1987,Summit Ranch,802,39.71803,-106.1577,2.1
1988,Summit Ranch,802,39.71803,-106.1577,3.5
1989,Summit Ranch,802,39.71803,-106.1577,3.4
1990,Summit Ranch,802,39.71803,-106.1577,2.9
1991,Summit Ranch,802,39.71803,-106.1577,3.9
1992,Summit Ranch,802,39.71803,-106.1577,2.4
1993,Summit Ranch,802,39.71803,-106.1577,4.6
1994,Summit Ranch,802,39.71803,-106.1577,2.9
1995,Summit Ranch,802,39.71803,-106.1577,4.1
1996,Summit Ranch,802,39.71803,-106.1577,5.9
1997,Summit Ranch,802,39.71803,-106.1577,5.2
1998,Summit Ranch,802,39.71803,-106.1577,3.1
1999,Summit Ranch,802,39.71803,-106.1577,3
2000,Summit Ranch,802,39.71803,-106.1577,3.2
2001,Summit Ranch,802,39.71803,-106.1577,2.9
2002,Summit Ranch,802,39.71803,-106.1577,2.4
2003,Summit Ranch,802,39.71803,-106.1577,4.2
2004,Summit Ranch,802,39.71803,-106.1577,3
2005,Summit Ranch,802,39.71803,-106.1577,3.5
2006,Summit Ranch,802,39.71803,-106.1577,4.6
2007,Summit Ranch,802,39.71803,-106.1577,3
2008,Summit Ranch,802,39.71803,-106.1577,4.4
2009,Summit Ranch,802,39.71803,-106.1577,4.5
2010,Summit Ranch,802,39.71803,-106.1577,2.4
2011,Summit Ranch,802,39.71803,-106.1577,4.8
2012,Summit Ranch,802,39.71803,-106.1577,1.7
2013,Summit Ranch,802,39.71803,-106.1577,2.4
2014,Summit Ranch,802,39.71803,-106.1577,3.7
2015,Summit Ranch,802,39.71803,-106.1577,2.6
2016,Summit Ranch,802,39.71803,-106.1577,3.5
2017,Summit Ranch,802,39.71803,-106.1577,3.7
2018,Summit Ranch,802,39.71803,-106.1577,2.2
2019,Summit Ranch,802,39.71803,-106.1577,3.8
2020,Summit Ranch,802,39.71803,-106.1577,3.8
2021,Summit Ranch,802,39.71803,-106.1577,2.3
2022,Summit Ranch,802,39.71803,-106.1577,2.9
2023,Summit Ranch,802,39.71803,-106.1577,3.9
2024,Summit Ranch,802,39.71803,-106.1577,3.2
1980,Tower,825,40.5374,-106.67655,20.5
1981,Tower,825,40.5374,-106.67655,10.7
1982,Tower,825,40.5374,-106.67655,27.8
1983,Tower,825,40.5374,-106.67655,25.2
1984,Tower,825,40.5374,-106.67655,27.8
1985,Tower,825,40.5374,-106.67655,23
1986,Tower,825,40.5374,-106.67655,29.3
1987,Tower,825,40.5374,-106.67655,14.6
1988,Tower,825,40.5374,-106.67655,20.2
1989,Tower,825,40.5374,-106.67655,18.5
1990,Tower,825,40.5374,-106.67655,19.3
1991,Tower,825,40.5374,-106.67655,18
1992,Tower,825,40.5374,-106.67655,15.8
1993,Tower,825,40.5374,-106.67655,25.3
1994,Tower,825,40.5374,-106.67655,16.8
1995,Tower,825,40.5374,-106.67655,26
1996,Tower,825,40.5374,-106.67655,25.9
1997,Tower,825,40.5374,-106.67655,28.9
1998,Tower,825,40.5374,-106.67655,20.6
1999,Tower,825,40.5374,-106.67655,19.1
2000,Tower,825,40.5374,-106.67655,16.8
2001,Tower,825,40.5374,-106.67655,14.2
2002,Tower,825,40.5374,-106.67655,11.6
2003,Tower,825,40.5374,-106.67655,17.9
2004,Tower,825,40.5374,-106.67655,16.3
2005,Tower,825,40.5374,-106.67655,16.8
2006,Tower,825,40.5374,-106.67655,22.3
2007,Tower,825,40.5374,-106.67655,11.4
2008,Tower,825,40.5374,-106.67655,18.7
2009,Tower,825,40.5374,-106.67655,18.4
2010,Tower,825,40.5374,-106.67655,16.4
2011,Tower,825,40.5374,-106.67655,30.5
2012,Tower,825,40.5374,-106.67655,9.6
2013,Tower,825,40.5374,-106.67655,14
2014,Tower,825,40.5374,-106.67655,21
2015,Tower,825,40.5374,-106.67655,13.2
2016,Tower,825,40.5374,-106.67655,16.1
2017,Tower,825,40.5374,-106.67655,17.7
2018,Tower,825,40.5374,-106.67655,14.1
2019,Tower,825,40.5374,-106.67655,24.3
2020,Tower,825,40.5374,-106.67655,18
2021,Tower,825,40.5374,-106.67655,13.2
2022,Tower,825,40.5374,-106.67655,16.7
2023,Tower,825,40.5374,-106.67655,19.8
2024,Tower,825,40.5374,-106.67655,16.9
1985,Trapper Lake,827,39.99881,-107.23618,3.3
1986,Trapper Lake,827,39.99881,-107.23618,9.4
1987,Trapper Lake,827,39.99881,-107.23618,5.3
1988,Trapper Lake,827,39.99881,-107.23618,7.8
1989,Trapper Lake,827,39.99881,-107.23618,5.8
1990,Trapper Lake,827,39.99881,-107.23618,4.2
1991,Trapper Lake,827,39.99881,-107.23618,7.2
1992,Trapper Lake,827,39.99881,-107.23618,5.1
1993,Trapper Lake,827,39.99881,-107.23618,9.3
1994,Trapper Lake,827,39.99881,-107.23618,6
1995,Trapper Lake,827,39.99881,-107.23618,9.3
1996,Trapper Lake,827,39.99881,-107.23618,12.2
1997,Trapper Lake,827,39.99881,-107.23618,12.7
1998,Trapper Lake,827,39.99881,-107.23618,7
1999,Trapper Lake,827,39.99881,-107.23618,6.7
2000,Trapper Lake,827,39.99881,-107.23618,5.9
2001,Trapper Lake,827,39.99881,-107.23618,6.6
2002,Trapper Lake,827,39.99881,-107.23618,4.8
2003,Trapper Lake,827,39.99881,-107.23618,5.8
2004,Trapper Lake,827,39.99881,-107.23618,5.5
2005,Trapper Lake,827,39.99881,-107.23618,4.8
2006,Trapper Lake,827,39.99881,-107.23618,7.4
2007,Trapper Lake,827,39.99881,-107.23618,4.2
2008,Trapper Lake,827,39.99881,-107.23618,6.5
2009,Trapper Lake,827,39.99881,-107.23618,6.6
2010,Trapper Lake,827,39.99881,-107.23618,4.7
2011,Trapper Lake,827,39.99881,-107.23618,8.3
2012,Trapper Lake,827,39.99881,-107.23618,2
2013,Trapper Lake,827,39.99881,-107.23618,4.1
2014,Trapper Lake,827,39.99881,-107.23618,5
2015,Trapper Lake,827,39.99881,-107.23618,3.3
2016,Trapper Lake,827,39.99881,-107.23618,4.3
2017,Trapper Lake,827,39.99881,-107.23618,1.2
2018,Trapper Lake,827,39.99881,-107.23618,1.4
2019,Trapper Lake,827,39.99881,-107.23618,2.7
2020,Trapper Lake,827,39.99881,-107.23618,3.2
2021,Trapper Lake,827,39.99881,-107.23618,1.8
2022,Trapper Lake,827,39.99881,-107.23618,1.9
2023,Trapper Lake,827,39.99881,-107.23618,3
2024,Trapper Lake,827,39.99881,-107.23618,3.3
1989,Trinchera,829,37.35296,-105.23259,0.1
1990,Trinchera,829,37.35296,-105.23259,1.9
1991,Trinchera,829,37.35296,-105.23259,4.2
1992,Trinchera,829,37.35296,-105.23259,3.8
1993,Trinchera,829,37.35296,-105.23259,4.6
1994,Trinchera,829,37.35296,-105.23259,3.1
1995,Trinchera,829,37.35296,-105.23259,4.1
1996,Trinchera,829,37.35296,-105.23259,1.7
1997,Trinchera,829,37.35296,-105.23259,4
1998,Trinchera,829,37.35296,-105.23259,4.6
1999,Trinchera,829,37.35296,-105.23259,2.3
2000,Trinchera,829,37.35296,-105.23259,2.5
2001,Trinchera,829,37.35296,-105.23259,2.8
2002,Trinchera,829,37.35296,-105.23259,1.6
2003,Trinchera,829,37.35296,-105.23259,2.4
2004,Trinchera,829,37.35296,-105.23259,3
2005,Trinchera,829,37.35296,-105.23259,4.5
2006,Trinchera,829,37.35296,-105.23259,1.3
2007,Trinchera,829,37.35296,-105.23259,4.2
2008,Trinchera,829,37.35296,-105.23259,3.7
2009,Trinchera,829,37.35296,-105.23259,3
2010,Trinchera,829,37.35296,-105.23259,3
2011,Trinchera,829,37.35296,-105.23259,1.9
2012,Trinchera,829,37.35296,-105.23259,2.2
2013,Trinchera,829,37.35296,-105.23259,2.4
2014,Trinchera,829,37.35296,-105.23259,2.9
2015,Trinchera,829,37.35296,-105.23259,2.4
2016,Trinchera,829,37.35296,-105.23259,3.7
2017,Trinchera,829,37.35296,-105.23259,4.6
2018,Trinchera,829,37.35296,-105.23259,1.6
2019,Trinchera,829,37.35296,-105.23259,4.5
2020,Trinchera,829,37.35296,-105.23259,3.7
2021,Trinchera,829,37.35296,-105.23259,3.6
2022,Trinchera,829,37.35296,-105.23259,1.6
2023,Trinchera,829,37.35296,-105.23259,2.8
2024,Trinchera,829,37.35296,-105.23259,2.8
1980,University Camp,838,40.03307,-105.57562,8.5
1981,University Camp,838,40.03307,-105.57562,2.4
1982,University Camp,838,40.03307,-105.57562,8.1
1983,University Camp,838,40.03307,-105.57562,6.8
1984,University Camp,838,40.03307,-105.57562,8.6
1985,University Camp,838,40.03307,-105.57562,5.3
1986,University Camp,838,40.03307,-105.57562,8.1
1987,University Camp,838,40.03307,-105.57562,5.1
1988,University Camp,838,40.03307,-105.57562,6.4
1989,University Camp,838,40.03307,-105.57562,5.8
1990,University Camp,838,40.03307,-105.57562,8.1
1991,University Camp,838,40.03307,-105.57562,4.8
1992,University Camp,838,40.03307,-105.57562,4.2
1993,University Camp,838,40.03307,-105.57562,7.6
1994,University Camp,838,40.03307,-105.57562,6.7
1995,University Camp,838,40.03307,-105.57562,7.5
1996,University Camp,838,40.03307,-105.57562,12.5
1997,University Camp,838,40.03307,-105.57562,10
1998,University Camp,838,40.03307,-105.57562,6.2
1999,University Camp,838,40.03307,-105.57562,6
2000,University Camp,838,40.03307,-105.57562,5
2001,University Camp,838,40.03307,-105.57562,4.4
2002,University Camp,838,40.03307,-105.57562,3.3
2003,University Camp,838,40.03307,-105.57562,5.7
2004,University Camp,838,40.03307,-105.57562,4.7
2005,University Camp,838,40.03307,-105.57562,5.6
2006,University Camp,838,40.03307,-105.57562,7.4
2007,University Camp,838,40.03307,-105.57562,7.2
2008,University Camp,838,40.03307,-105.57562,5.8
2009,University Camp,838,40.03307,-105.57562,5.9
2010,University Camp,838,40.03307,-105.57562,5.1
2011,University Camp,838,40.03307,-105.57562,9.4
2012,University Camp,838,40.03307,-105.57562,4.5
2013,University Camp,838,40.03307,-105.57562,5
2014,University Camp,838,40.03307,-105.57562,9.3
2015,University Camp,838,40.03307,-105.57562,7
2016,University Camp,838,40.03307,-105.57562,6.9
2017,University Camp,838,40.03307,-105.57562,8.5
2018,University Camp,838,40.03307,-105.57562,5.7
2019,University Camp,838,40.03307,-105.57562,7.6
2020,University Camp,838,40.03307,-105.57562,6.8
2021,University Camp,838,40.03307,-105.57562,5.8
2022,University Camp,838,40.03307,-105.57562,6.5
2023,University Camp,838,40.03307,-105.57562,6.4
2024,University Camp,838,40.03307,-105.57562,6.3
1986,Upper Rio Grande,839,37.72172,-107.25971,2
1987,Upper Rio Grande,839,37.72172,-107.25971,3.8
1988,Upper Rio Grande,839,37.72172,-107.25971,0.8
1989,Upper Rio Grande,839,37.72172,-107.25971,1.8
1990,Upper Rio Grande,839,37.72172,-107.25971,0.9
1991,Upper Rio Grande,839,37.72172,-107.25971,1.4
1992,Upper Rio Grande,839,37.72172,-107.25971,2.5
1993,Upper Rio Grande,839,37.72172,-107.25971,2.2
1994,Upper Rio Grande,839,37.72172,-107.25971,1.6
1995,Upper Rio Grande,839,37.72172,-107.25971,1.8
1996,Upper Rio Grande,839,37.72172,-107.25971,1.2
1997,Upper Rio Grande,839,37.72172,-107.25971,2.7
1998,Upper Rio Grande,839,37.72172,-107.25971,2
1999,Upper Rio Grande,839,37.72172,-107.25971,1.4
2000,Upper Rio Grande,839,37.72172,-107.25971,1
2001,Upper Rio Grande,839,37.72172,-107.25971,2.2
2002,Upper Rio Grande,839,37.72172,-107.25971,0.4
2003,Upper Rio Grande,839,37.72172,-107.25971,0.5
2004,Upper Rio Grande,839,37.72172,-107.25971,1.2
2005,Upper Rio Grande,839,37.72172,-107.25971,2.9
2006,Upper Rio Grande,839,37.72172,-107.25971,1.2
2007,Upper Rio Grande,839,37.72172,-107.25971,1.8
2008,Upper Rio Grande,839,37.72172,-107.25971,3
2009,Upper Rio Grande,839,37.72172,-107.25971,1.6
2010,Upper Rio Grande,839,37.72172,-107.25971,2.1
2011,Upper Rio Grande,839,37.72172,-107.25971,1.3
2012,Upper Rio Grande,839,37.72172,-107.25971,1
2013,Upper Rio Grande,839,37.72172,-107.25971,1.2
2014,Upper Rio Grande,839,37.72172,-107.25971,2.1
2015,Upper Rio Grande,839,37.72172,-107.25971,1.3
2016,Upper Rio Grande,839,37.72172,-107.25971,2.2
2017,Upper Rio Grande,839,37.72172,-107.25971,2.1
2018,Upper Rio Grande,839,37.72172,-107.25971,0.4
2019,Upper Rio Grande,839,37.72172,-107.25971,2.7
2020,Upper Rio Grande,839,37.72172,-107.25971,2.6
2021,Upper Rio Grande,839,37.72172,-107.25971,1.7
2022,Upper Rio Grande,839,37.72172,-107.25971,1.4
2023,Upper Rio Grande,839,37.72172,-107.25971,2.3
2024,Upper Rio Grande,839,37.72172,-107.25971,2
1980,Upper San Juan,840,37.48563,-106.83528,17.5
1981,Upper San Juan,840,37.48563,-106.83528,4.8
1982,Upper San Juan,840,37.48563,-106.83528,11.6
1983,Upper San Juan,840,37.48563,-106.83528,16.7
1984,Upper San Juan,840,37.48563,-106.83528,14.5
1985,Upper San Juan,840,37.48563,-106.83528,18.4
1986,Upper San Juan,840,37.48563,-106.83528,16.1
1987,Upper San Juan,840,37.48563,-106.83528,13
1988,Upper San Juan,840,37.48563,-106.83528,7.9
1989,Upper San Juan,840,37.48563,-106.83528,11.9
1990,Upper San Juan,840,37.48563,-106.83528,5.2
1991,Upper San Juan,840,37.48563,-106.83528,10.7
1992,Upper San Juan,840,37.48563,-106.83528,10.7
1993,Upper San Juan,840,37.48563,-106.83528,16.1
1994,Upper San Juan,840,37.48563,-106.83528,9.8
1995,Upper San Juan,840,37.48563,-106.83528,16.4
1996,Upper San Juan,840,37.48563,-106.83528,6.3
1997,Upper San Juan,840,37.48563,-106.83528,17
1998,Upper San Juan,840,37.48563,-106.83528,9.9
1999,Upper San Juan,840,37.48563,-106.83528,11.8
2000,Upper San Juan,840,37.48563,-106.83528,4.7
2001,Upper San Juan,840,37.48563,-106.83528,10.6
2002,Upper San Juan,840,37.48563,-106.83528,3.9
2003,Upper San Juan,840,37.48563,-106.83528,8.8
2004,Upper San Juan,840,37.48563,-106.83528,13
2005,Upper San Juan,840,37.48563,-106.83528,19.6
2006,Upper San Juan,840,37.48563,-106.83528,4.8
2007,Upper San Juan,840,37.48563,-106.83528,7
2008,Upper San Juan,840,37.48563,-106.83528,17.5
2009,Upper San Juan,840,37.48563,-106.83528,9.5
2010,Upper San Juan,840,37.48563,-106.83528,9.4
2011,Upper San Juan,840,37.48563,-106.83528,12.9
2012,Upper San Juan,840,37.48563,-106.83528,6.4
2013,Upper San Juan,840,37.48563,-106.83528,8.3
2014,Upper San Juan,840,37.48563,-106.83528,7.3
2015,Upper San Juan,840,37.48563,-106.83528,4.9
2016,Upper San Juan,840,37.48563,-106.83528,9.9
2017,Upper San Juan,840,37.48563,-106.83528,13.4
2018,Upper San Juan,840,37.48563,-106.83528,3.5
2019,Upper San Juan,840,37.48563,-106.83528,13.2
2020,Upper San Juan,840,37.48563,-106.83528,8.9
2021,Upper San Juan,840,37.48563,-106.83528,8.8
2022,Upper San Juan,840,37.48563,-106.83528,8.7
2023,Upper San Juan,840,37.48563,-106.83528,13.4
2024,Upper San Juan,840,37.48563,-106.83528,7.9
2009,Upper Taylor,1141,38.99071,-106.74504,0.7
2010,Upper Taylor,1141,38.99071,-106.74504,4.4
2011,Upper Taylor,1141,38.99071,-106.74504,7.8
2012,Upper Taylor,1141,38.99071,-106.74504,2.2
2013,Upper Taylor,1141,38.99071,-106.74504,2.9
2014,Upper Taylor,1141,38.99071,-106.74504,5.1
2015,Upper Taylor,1141,38.99071,-106.74504,3
2016,Upper Taylor,1141,38.99071,-106.74504,4.2
2017,Upper Taylor,1141,38.99071,-106.74504,7.2
2018,Upper Taylor,1141,38.99071,-106.74504,3.1
2019,Upper Taylor,1141,38.99071,-106.74504,6.8
2020,Upper Taylor,1141,38.99071,-106.74504,3.9
2021,Upper Taylor,1141,38.99071,-106.74504,3.6
2022,Upper Taylor,1141,38.99071,-106.74504,5.2
2023,Upper Taylor,1141,38.99071,-106.74504,6.6
2024,Upper Taylor,1141,38.99071,-106.74504,4.4
1996,Ute Creek,1005,37.6148,-105.37322,8.3
1997,Ute Creek,1005,37.6148,-105.37322,14.6
1998,Ute Creek,1005,37.6148,-105.37322,12.7
1999,Ute Creek,1005,37.6148,-105.37322,7.2
2000,Ute Creek,1005,37.6148,-105.37322,3.9
2001,Ute Creek,1005,37.6148,-105.37322,3.9
2002,Ute Creek,1005,37.6148,-105.37322,1.8
2003,Ute Creek,1005,37.6148,-105.37322,4.4
2004,Ute Creek,1005,37.6148,-105.37322,4.7
2005,Ute Creek,1005,37.6148,-105.37322,6
2006,Ute Creek,1005,37.6148,-105.37322,1.9
2007,Ute Creek,1005,37.6148,-105.37322,3.5
2008,Ute Creek,1005,37.6148,-105.37322,7.1
2009,Ute Creek,1005,37.6148,-105.37322,5.9
2010,Ute Creek,1005,37.6148,-105.37322,6
2011,Ute Creek,1005,37.6148,-105.37322,3.6
2012,Ute Creek,1005,37.6148,-105.37322,2.5
2013,Ute Creek,1005,37.6148,-105.37322,4.2
2014,Ute Creek,1005,37.6148,-105.37322,3.4
2015,Ute Creek,1005,37.6148,-105.37322,2.9
2016,Ute Creek,1005,37.6148,-105.37322,4.2
2017,Ute Creek,1005,37.6148,-105.37322,4.4
2018,Ute Creek,1005,37.6148,-105.37322,0.9
2019,Ute Creek,1005,37.6148,-105.37322,4
2020,Ute Creek,1005,37.6148,-105.37322,3.5
2021,Ute Creek,1005,37.6148,-105.37322,4
2022,Ute Creek,1005,37.6148,-105.37322,2.3
2023,Ute Creek,1005,37.6148,-105.37322,2.3
2024,Ute Creek,1005,37.6148,-105.37322,2.2
1980,Vail Mountain,842,39.61765,-106.38019,10.4
1981,Vail Mountain,842,39.61765,-106.38019,4.6
1982,Vail Mountain,842,39.61765,-106.38019,11.8
1983,Vail Mountain,842,39.61765,-106.38019,11.2
1984,Vail Mountain,842,39.61765,-106.38019,12.9
1985,Vail Mountain,842,39.61765,-106.38019,9.7
1986,Vail Mountain,842,39.61765,-106.38019,8.1
1987,Vail Mountain,842,39.61765,-106.38019,5.5
1988,Vail Mountain,842,39.61765,-106.38019,7
1989,Vail Mountain,842,39.61765,-106.38019,6
1990,Vail Mountain,842,39.61765,-106.38019,6.7
1991,Vail Mountain,842,39.61765,-106.38019,8.3
1992,Vail Mountain,842,39.61765,-106.38019,6.9
1993,Vail Mountain,842,39.61765,-106.38019,11.3
1994,Vail Mountain,842,39.61765,-106.38019,6.4
1995,Vail Mountain,842,39.61765,-106.38019,9.4
1996,Vail Mountain,842,39.61765,-106.38019,11.8
1997,Vail Mountain,842,39.61765,-106.38019,11.8
1998,Vail Mountain,842,39.61765,-106.38019,5.6
1999,Vail Mountain,842,39.61765,-106.38019,4.6
2000,Vail Mountain,842,39.61765,-106.38019,6.1
2001,Vail Mountain,842,39.61765,-106.38019,5.7
2002,Vail Mountain,842,39.61765,-106.38019,5.4
2003,Vail Mountain,842,39.61765,-106.38019,7.3
2004,Vail Mountain,842,39.61765,-106.38019,5.3
2005,Vail Mountain,842,39.61765,-106.38019,6.4
2006,Vail Mountain,842,39.61765,-106.38019,9.6
2007,Vail Mountain,842,39.61765,-106.38019,5.7
2008,Vail Mountain,842,39.61765,-106.38019,9.5
2009,Vail Mountain,842,39.61765,-106.38019,8.4
2010,Vail Mountain,842,39.61765,-106.38019,6.4
2011,Vail Mountain,842,39.61765,-106.38019,10.8
2012,Vail Mountain,842,39.61765,-106.38019,2.5
2013,Vail Mountain,842,39.61765,-106.38019,4.2
2014,Vail Mountain,842,39.61765,-106.38019,6.6
2015,Vail Mountain,842,39.61765,-106.38019,4.7
2016,Vail Mountain,842,39.61765,-106.38019,6.2
2017,Vail Mountain,842,39.61765,-106.38019,6.3
2018,Vail Mountain,842,39.61765,-106.38019,3.8
2019,Vail Mountain,842,39.61765,-106.38019,7.4
2020,Vail Mountain,842,39.61765,-106.38019,6.1
2021,Vail Mountain,842,39.61765,-106.38019,4.3
2022,Vail Mountain,842,39.61765,-106.38019,5.6
2023,Vail Mountain,842,39.61765,-106.38019,6.9
2024,Vail Mountain,842,39.61765,-106.38019,6.5
1986,Vallecito,843,37.48524,-107.50748,3.7
1987,Vallecito,843,37.48524,-107.50748,8.5
1988,Vallecito,843,37.48524,-107.50748,3.4
1989,Vallecito,843,37.48524,-107.50748,5.8
1990,Vallecito,843,37.48524,-107.50748,2.5
1991,Vallecito,843,37.48524,-107.50748,4.3
1992,Vallecito,843,37.48524,-107.50748,7.5
1993,Vallecito,843,37.48524,-107.50748,10
1994,Vallecito,843,37.48524,-107.50748,4.9
1995,Vallecito,843,37.48524,-107.50748,9
1996,Vallecito,843,37.48524,-107.50748,4
1997,Vallecito,843,37.48524,-107.50748,9.4
1998,Vallecito,843,37.48524,-107.50748,5.2
1999,Vallecito,843,37.48524,-107.50748,3.5
2000,Vallecito,843,37.48524,-107.50748,2.8
2001,Vallecito,843,37.48524,-107.50748,6.2
2002,Vallecito,843,37.48524,-107.50748,1.6
2003,Vallecito,843,37.48524,-107.50748,4
2004,Vallecito,843,37.48524,-107.50748,6.9
2005,Vallecito,843,37.48524,-107.50748,10.4
2006,Vallecito,843,37.48524,-107.50748,2.7
2007,Vallecito,843,37.48524,-107.50748,3.6
2008,Vallecito,843,37.48524,-107.50748,8.4
2009,Vallecito,843,37.48524,-107.50748,4.7
2010,Vallecito,843,37.48524,-107.50748,5.3
2011,Vallecito,843,37.48524,-107.50748,5.3
2012,Vallecito,843,37.48524,-107.50748,3.1
2013,Vallecito,843,37.48524,-107.50748,4.4
2014,Vallecito,843,37.48524,-107.50748,3.8
2015,Vallecito,843,37.48524,-107.50748,2.9
2016,Vallecito,843,37.48524,-107.50748,3.9
2017,Vallecito,843,37.48524,-107.50748,5.6
2018,Vallecito,843,37.48524,-107.50748,1.4
2019,Vallecito,843,37.48524,-107.50748,8.1
2020,Vallecito,843,37.48524,-107.50748,6
2021,Vallecito,843,37.48524,-107.50748,4.1
2022,Vallecito,843,37.48524,-107.50748,3.4
2023,Vallecito,843,37.48524,-107.50748,7.3
2024,Vallecito,843,37.48524,-107.50748,4.7
2011,Wager Gulch,1188,37.88248,-107.36428,0.5
2012,Wager Gulch,1188,37.88248,-107.36428,1.6
2013,Wager Gulch,1188,37.88248,-107.36428,1.5
2014,Wager Gulch,1188,37.88248,-107.36428,3.3
2015,Wager Gulch,1188,37.88248,-107.36428,3.4
2016,Wager Gulch,1188,37.88248,-107.36428,3.3
2017,Wager Gulch,1188,37.88248,-107.36428,3.4
2018,Wager Gulch,1188,37.88248,-107.36428,1.5
2019,Wager Gulch,1188,37.88248,-107.36428,5.2
2020,Wager Gulch,1188,37.88248,-107.36428,3.5
2021,Wager Gulch,1188,37.88248,-107.36428,2.9
2022,Wager Gulch,1188,37.88248,-107.36428,2
2023,Wager Gulch,1188,37.88248,-107.36428,3.3
2024,Wager Gulch,1188,37.88248,-107.36428,3
2010,Weminuche Creek,1160,37.51968,-107.32139,0.7
2011,Weminuche Creek,1160,37.51968,-107.32139,4.8
2012,Weminuche Creek,1160,37.51968,-107.32139,3.6
2013,Weminuche Creek,1160,37.51968,-107.32139,5.3
2014,Weminuche Creek,1160,37.51968,-107.32139,4.5
2015,Weminuche Creek,1160,37.51968,-107.32139,3.7
2016,Weminuche Creek,1160,37.51968,-107.32139,5.8
2017,Weminuche Creek,1160,37.51968,-107.32139,6.4
2018,Weminuche Creek,1160,37.51968,-107.32139,1.9
2019,Weminuche Creek,1160,37.51968,-107.32139,9.6
2020,Weminuche Creek,1160,37.51968,-107.32139,5.8
2021,Weminuche Creek,1160,37.51968,-107.32139,4.9
2022,Weminuche Creek,1160,37.51968,-107.32139,3.6
2023,Weminuche Creek,1160,37.51968,-107.32139,8.4
2024,Weminuche Creek,1160,37.51968,-107.32139,5.1
1980,Whiskey Ck,857,37.21423,-105.12262,0.2
1981,Whiskey Ck,857,37.21423,-105.12262,0.7
1982,Whiskey Ck,857,37.21423,-105.12262,2.7
1983,Whiskey Ck,857,37.21423,-105.12262,4.7
1984,Whiskey Ck,857,37.21423,-105.12262,5.2
1985,Whiskey Ck,857,37.21423,-105.12262,3.7
1986,Whiskey Ck,857,37.21423,-105.12262,2.7
1987,Whiskey Ck,857,37.21423,-105.12262,4.5
1988,Whiskey Ck,857,37.21423,-105.12262,1.8
1989,Whiskey Ck,857,37.21423,-105.12262,3
1990,Whiskey Ck,857,37.21423,-105.12262,2.3
1991,Whiskey Ck,857,37.21423,-105.12262,3.7
1992,Whiskey Ck,857,37.21423,-105.12262,3
1993,Whiskey Ck,857,37.21423,-105.12262,5.6
1994,Whiskey Ck,857,37.21423,-105.12262,4.7
1995,Whiskey Ck,857,37.21423,-105.12262,4.5
1996,Whiskey Ck,857,37.21423,-105.12262,2.6
1997,Whiskey Ck,857,37.21423,-105.12262,4.8
1998,Whiskey Ck,857,37.21423,-105.12262,3.8
1999,Whiskey Ck,857,37.21423,-105.12262,1.8
2000,Whiskey Ck,857,37.21423,-105.12262,2.2
2001,Whiskey Ck,857,37.21423,-105.12262,2.8
2002,Whiskey Ck,857,37.21423,-105.12262,1.4
2003,Whiskey Ck,857,37.21423,-105.12262,3
2004,Whiskey Ck,857,37.21423,-105.12262,2.5
2005,Whiskey Ck,857,37.21423,-105.12262,5
2006,Whiskey Ck,857,37.21423,-105.12262,0.9
2007,Whiskey Ck,857,37.21423,-105.12262,3.1
2008,Whiskey Ck,857,37.21423,-105.12262,4.1
2009,Whiskey Ck,857,37.21423,-105.12262,3.5
2010,Whiskey Ck,857,37.21423,-105.12262,3.2
2011,Whiskey Ck,857,37.21423,-105.12262,2.4
2012,Whiskey Ck,857,37.21423,-105.12262,2.4
2013,Whiskey Ck,857,37.21423,-105.12262,2
2014,Whiskey Ck,857,37.21423,-105.12262,3
2015,Whiskey Ck,857,37.21423,-105.12262,2.5
2016,Whiskey Ck,857,37.21423,-105.12262,2.2
2017,Whiskey Ck,857,37.21423,-105.12262,4.2
2018,Whiskey Ck,857,37.21423,-105.12262,1.3
2019,Whiskey Ck,857,37.21423,-105.12262,4.8
2020,Whiskey Ck,857,37.21423,-105.12262,3
2021,Whiskey Ck,857,37.21423,-105.12262,3.3
2022,Whiskey Ck,857,37.21423,-105.12262,1.8
2023,Whiskey Ck,857,37.21423,-105.12262,2
2024,Whiskey Ck,857,37.21423,-105.12262,2.2
2005,Wild Basin,1042,40.201,-105.6025,0.9
2006,Wild Basin,1042,40.201,-105.6025,5.3
2007,Wild Basin,1042,40.201,-105.6025,5.5
2008,Wild Basin,1042,40.201,-105.6025,4.5
2009,Wild Basin,1042,40.201,-105.6025,5
2010,Wild Basin,1042,40.201,-105.6025,4.5
2011,Wild Basin,1042,40.201,-105.6025,8.9
2012,Wild Basin,1042,40.201,-105.6025,4.2
2013,Wild Basin,1042,40.201,-105.6025,3.9
2014,Wild Basin,1042,40.201,-105.6025,6.6
2015,Wild Basin,1042,40.201,-105.6025,5.7
2016,Wild Basin,1042,40.201,-105.6025,5.5
2017,Wild Basin,1042,40.201,-105.6025,8.8
2018,Wild Basin,1042,40.201,-105.6025,5
2019,Wild Basin,1042,40.201,-105.6025,7.3
2020,Wild Basin,1042,40.201,-105.6025,6.1
2021,Wild Basin,1042,40.201,-105.6025,4.8
2022,Wild Basin,1042,40.201,-105.6025,6.2
2023,Wild Basin,1042,40.201,-105.6025,6.4
2024,Wild Basin,1042,40.201,-105.6025,5.6
1980,Willow Creek Pass,869,40.34734,-106.0952,4.6
1981,Willow Creek Pass,869,40.34734,-106.0952,2.1
1982,Willow Creek Pass,869,40.34734,-106.0952,4.6
1983,Willow Creek Pass,869,40.34734,-106.0952,4.8
1984,Willow Creek Pass,869,40.34734,-106.0952,5
1985,Willow Creek Pass,869,40.34734,-106.0952,4.9
1986,Willow Creek Pass,869,40.34734,-106.0952,8
1987,Willow Creek Pass,869,40.34734,-106.0952,3.2
1988,Willow Creek Pass,869,40.34734,-106.0952,4.5
1989,Willow Creek Pass,869,40.34734,-106.0952,4.4
1990,Willow Creek Pass,869,40.34734,-106.0952,3.8
1991,Willow Creek Pass,869,40.34734,-106.0952,4.9
1992,Willow Creek Pass,869,40.34734,-106.0952,3.5
1993,Willow Creek Pass,869,40.34734,-106.0952,6.8
1994,Willow Creek Pass,869,40.34734,-106.0952,3.8
1995,Willow Creek Pass,869,40.34734,-106.0952,6.2
1996,Willow Creek Pass,869,40.34734,-106.0952,5.3
1997,Willow Creek Pass,869,40.34734,-106.0952,8
1998,Willow Creek Pass,869,40.34734,-106.0952,2.9
1999,Willow Creek Pass,869,40.34734,-106.0952,4.6
2000,Willow Creek Pass,869,40.34734,-106.0952,4.8
2001,Willow Creek Pass,869,40.34734,-106.0952,4.2
2002,Willow Creek Pass,869,40.34734,-106.0952,3.2
2003,Willow Creek Pass,869,40.34734,-106.0952,5.8
2004,Willow Creek Pass,869,40.34734,-106.0952,4
2005,Willow Creek Pass,869,40.34734,-106.0952,4.8
2006,Willow Creek Pass,869,40.34734,-106.0952,4.9
2007,Willow Creek Pass,869,40.34734,-106.0952,5.4
2008,Willow Creek Pass,869,40.34734,-106.0952,6.9
2009,Willow Creek Pass,869,40.34734,-106.0952,4.6
2010,Willow Creek Pass,869,40.34734,-106.0952,3.8
2011,Willow Creek Pass,869,40.34734,-106.0952,9.5
2012,Willow Creek Pass,869,40.34734,-106.0952,3.1
2013,Willow Creek Pass,869,40.34734,-106.0952,5
2014,Willow Creek Pass,869,40.34734,-106.0952,5.2
2015,Willow Creek Pass,869,40.34734,-106.0952,3.8
2016,Willow Creek Pass,869,40.34734,-106.0952,5.8
2017,Willow Creek Pass,869,40.34734,-106.0952,7.3
2018,Willow Creek Pass,869,40.34734,-106.0952,4.9
2019,Willow Creek Pass,869,40.34734,-106.0952,6.5
2020,Willow Creek Pass,869,40.34734,-106.0952,4.8
2021,Willow Creek Pass,869,40.34734,-106.0952,3.9
2022,Willow Creek Pass,869,40.34734,-106.0952,5.2
2023,Willow Creek Pass,869,40.34734,-106.0952,6.2
2024,Willow Creek Pass,869,40.34734,-106.0952,5
1980,Willow Park,870,40.43397,-105.73588,1
1981,Willow Park,870,40.43397,-105.73588,2.4
1982,Willow Park,870,40.43397,-105.73588,7.7
1983,Willow Park,870,40.43397,-105.73588,8.9
1984,Willow Park,870,40.43397,-105.73588,9.2
1985,Willow Park,870,40.43397,-105.73588,6.6
1986,Willow Park,870,40.43397,-105.73588,10.3
1987,Willow Park,870,40.43397,-105.73588,4.7
1988,Willow Park,870,40.43397,-105.73588,8.2
1989,Willow Park,870,40.43397,-105.73588,5.2
1990,Willow Park,870,40.43397,-105.73588,6
1991,Willow Park,870,40.43397,-105.73588,4.7
1992,Willow Park,870,40.43397,-105.73588,4.9
1993,Willow Park,870,40.43397,-105.73588,7.3
1994,Willow Park,870,40.43397,-105.73588,5.5
1995,Willow Park,870,40.43397,-105.73588,7.6
1996,Willow Park,870,40.43397,-105.73588,8.9
1997,Willow Park,870,40.43397,-105.73588,10.5
1998,Willow Park,870,40.43397,-105.73588,6
1999,Willow Park,870,40.43397,-105.73588,7.5
2000,Willow Park,870,40.43397,-105.73588,6.3
2001,Willow Park,870,40.43397,-105.73588,5.1
2002,Willow Park,870,40.43397,-105.73588,3.7
2003,Willow Park,870,40.43397,-105.73588,5.7
2004,Willow Park,870,40.43397,-105.73588,4.6
2005,Willow Park,870,40.43397,-105.73588,5.1
2006,Willow Park,870,40.43397,-105.73588,5.8
2007,Willow Park,870,40.43397,-105.73588,6.2
2008,Willow Park,870,40.43397,-105.73588,6.5
2009,Willow Park,870,40.43397,-105.73588,7.3
2010,Willow Park,870,40.43397,-105.73588,6.4
2011,Willow Park,870,40.43397,-105.73588,12.9
2012,Willow Park,870,40.43397,-105.73588,3.1
2013,Willow Park,870,40.43397,-105.73588,6.4
2014,Willow Park,870,40.43397,-105.73588,7.8
2015,Willow Park,870,40.43397,-105.73588,6.8
2016,Willow Park,870,40.43397,-105.73588,7
2017,Willow Park,870,40.43397,-105.73588,7.1
2018,Willow Park,870,40.43397,-105.73588,5.2
2019,Willow Park,870,40.43397,-105.73588,8.2
2020,Willow Park,870,40.43397,-105.73588,7.5
2021,Willow Park,870,40.43397,-105.73588,7
2022,Willow Park,870,40.43397,-105.73588,7.9
2023,Willow Park,870,40.43397,-105.73588,8.2
2024,Willow Park,870,40.43397,-105.73588,6.7
1986,Wolf Creek Summit,874,37.47903,-106.80234,9.5
1987,Wolf Creek Summit,874,37.47903,-106.80234,17.1
1988,Wolf Creek Summit,874,37.47903,-106.80234,10.7
1989,Wolf Creek Summit,874,37.47903,-106.80234,13.9
1990,Wolf Creek Summit,874,37.47903,-106.80234,8.1
1991,Wolf Creek Summit,874,37.47903,-106.80234,15.2
1992,Wolf Creek Summit,874,37.47903,-106.80234,11.1
1993,Wolf Creek Summit,874,37.47903,-106.80234,18
1994,Wolf Creek Summit,874,37.47903,-106.80234,12.3
1995,Wolf Creek Summit,874,37.47903,-106.80234,19.1
1996,Wolf Creek Summit,874,37.47903,-106.80234,7.6
1997,Wolf Creek Summit,874,37.47903,-106.80234,17.6
1998,Wolf Creek Summit,874,37.47903,-106.80234,13.6
1999,Wolf Creek Summit,874,37.47903,-106.80234,13.2
2000,Wolf Creek Summit,874,37.47903,-106.80234,5.4
2001,Wolf Creek Summit,874,37.47903,-106.80234,12.9
2002,Wolf Creek Summit,874,37.47903,-106.80234,4.4
2003,Wolf Creek Summit,874,37.47903,-106.80234,8.7
2004,Wolf Creek Summit,874,37.47903,-106.80234,14.7
2005,Wolf Creek Summit,874,37.47903,-106.80234,19.6
2006,Wolf Creek Summit,874,37.47903,-106.80234,7.5
2007,Wolf Creek Summit,874,37.47903,-106.80234,12.1
2008,Wolf Creek Summit,874,37.47903,-106.80234,19.3
2009,Wolf Creek Summit,874,37.47903,-106.80234,13.7
2010,Wolf Creek Summit,874,37.47903,-106.80234,14.2
2011,Wolf Creek Summit,874,37.47903,-106.80234,15.5
2012,Wolf Creek Summit,874,37.47903,-106.80234,9.2
2013,Wolf Creek Summit,874,37.47903,-106.80234,8.3
2014,Wolf Creek Summit,874,37.47903,-106.80234,8.6
2015,Wolf Creek Summit,874,37.47903,-106.80234,7.5
2016,Wolf Creek Summit,874,37.47903,-106.80234,12.2
2017,Wolf Creek Summit,874,37.47903,-106.80234,15.6
2018,Wolf Creek Summit,874,37.47903,-106.80234,6.7
2019,Wolf Creek Summit,874,37.47903,-106.80234,16.8
2020,Wolf Creek Summit,874,37.47903,-106.80234,9.8
2021,Wolf Creek Summit,874,37.47903,-106.80234,11.1
2022,Wolf Creek Summit,874,37.47903,-106.80234,11.8
2023,Wolf Creek Summit,874,37.47903,-106.80234,15.1
2024,Wolf Creek Summit,874,37.47903,-106.80234,8.7
2002,Zirkel,1033,40.79492,-106.59544,2.5
2003,Zirkel,1033,40.79492,-106.59544,8.4
2004,Zirkel,1033,40.79492,-106.59544,8.6
2005,Zirkel,1033,40.79492,-106.59544,8.4
2006,Zirkel,1033,40.79492,-106.59544,12.3
2007,Zirkel,1033,40.79492,-106.59544,6.4
2008,Zirkel,1033,40.79492,-106.59544,11.3
2009,Zirkel,1033,40.79492,-106.59544,10
2010,Zirkel,1033,40.79492,-106.59544,7.3
2011,Zirkel,1033,40.79492,-106.59544,16.9
2012,Zirkel,1033,40.79492,-106.59544,5.4
2013,Zirkel,1033,40.79492,-106.59544,7.5
2014,Zirkel,1033,40.79492,-106.59544,14.1
2015,Zirkel,1033,40.79492,-106.59544,7.3
2016,Zirkel,1033,40.79492,-106.59544,9
2017,Zirkel,1033,40.79492,-106.59544,11.7
2018,Zirkel,1033,40.79492,-106.59544,7.8
2019,Zirkel,1033,40.79492,-106.59544,11.5
2020,Zirkel,1033,40.79492,-106.59544,9.1
2021,Zirkel,1033,40.79492,-106.59544,6.5
2022,Zirkel,1033,40.79492,-106.59544,8
2023,Zirkel,1033,40.79492,-106.59544,10.2
2024,Zirkel,1033,40.79492,-106.59544,7.4
